delivery_order_id,source_order_number,shipment_number,order_date,planned_delivery_timestamp,actual_delivery_timestamp,customer_id,driver_id,route_id,vehicle_id,sales_organization_id,missed_reason_code,ordered_cases,delivered_cases,undelivered_cases,total_sales_amount,planned_stop_count,actual_stop_count,delivery_delay_minutes,hotshot_flag,off_day_flag,on_time_flag,in_full_flag,otif_flag,sla_flag,missed_delivery_flag,delivery_status
DEL000000001,ORD000000001,SHP000000001,2025-10-01,2025-10-02 08:47:39,2025-10-02 08:57:39,CUST001009,DRV00023,ROUTE00024,VEH00022,SO0006,,109.43,109.43,0.0,3107.95,1,1,10.0,False,False,True,True,True,True,False,Completed
DEL000000002,ORD000000002,SHP000000002,2026-03-05,2026-03-06 09:49:04,2026-03-06 08:53:04,CUST002011,DRV00043,ROUTE00044,VEH00044,SO0011,,52.65,52.65,0.0,1099.49,1,1,-56.0,False,False,True,True,True,True,False,Completed
DEL000000003,ORD000000003,SHP000000003,2024-11-28,2024-11-29 14:56:02,2024-11-29 14:36:02,CUST000176,DRV00018,ROUTE00019,VEH00018,SO0005,,51.44,51.44,0.0,1070.75,1,1,-20.0,False,False,True,True,True,True,False,Completed
DEL000000004,ORD000000004,SHP000000004,2025-12-17,2025-12-18 07:01:06,2025-12-18 06:54:06,CUST001008,DRV00083,ROUTE00083,VEH00084,SO0021,,60.66,60.66,0.0,1564.95,1,1,-7.0,False,False,True,True,True,True,False,Completed
DEL000000005,ORD000000005,SHP000000005,2026-07-21,2026-07-22 15:59:38,2026-07-22 15:42:38,CUST002343,DRV00072,ROUTE00071,VEH00072,SO0018,,69.38,69.38,0.0,1166.93,1,1,-17.0,False,False,True,True,True,True,False,Completed
DEL000000006,ORD000000006,SHP000000006,2024-02-10,2024-02-11 11:54:12,2024-02-11 11:05:12,CUST000512,DRV00106,ROUTE00105,VEH00106,SO0027,,46.32,46.32,0.0,1215.06,1,1,-49.0,False,False,True,True,True,True,False,Completed
DEL000000007,ORD000000007,SHP000000007,2024-12-23,2024-12-24 07:57:52,2024-12-24 08:08:52,CUST000778,DRV00187,ROUTE00185,VEH00186,SO0047,,189.11,189.11,0.0,3098.12,1,1,11.0,False,False,True,True,True,True,False,Completed
DEL000000008,ORD000000008,SHP000000008,2024-08-30,2024-08-31 11:56:12,2024-08-31 11:01:12,CUST001306,DRV00041,ROUTE00041,VEH00041,SO0011,,84.86,84.86,0.0,1616.83,1,1,-55.0,False,False,True,True,True,True,False,Completed
DEL000000009,ORD000000009,SHP000000009,2025-02-08,2025-02-09 12:54:18,2025-02-09 12:12:18,CUST002046,DRV00121,ROUTE00121,VEH00124,SO0031,,77.0,77.0,0.0,1107.63,1,1,-42.0,False,False,True,True,True,True,False,Completed
DEL000000010,ORD000000010,SHP000000010,2025-01-28,2025-01-29 22:43:25,2025-01-29 22:42:25,CUST000503,DRV00133,ROUTE00135,VEH00134,SO0034,,71.6,71.6,0.0,1807.52,1,1,-1.0,False,False,True,True,True,True,False,Completed
DEL000000011,ORD000000011,SHP000000011,2024-11-29,2024-11-30 02:23:10,2024-11-30 02:42:10,CUST001817,DRV00024,ROUTE00023,VEH00022,SO0006,,128.47,128.47,0.0,2356.93,1,1,19.0,False,False,False,True,False,True,False,Completed
DEL000000012,ORD000000012,SHP000000012,2025-10-03,2025-10-04 23:38:28,2025-10-04 23:44:28,CUST001795,DRV00063,ROUTE00064,VEH00062,SO0016,,123.2,123.2,0.0,1796.67,1,1,6.0,False,False,True,True,True,True,False,Completed
DEL000000013,ORD000000013,SHP000000013,2024-01-11,2024-01-12 05:59:49,2024-01-12 05:05:49,CUST001358,DRV00034,ROUTE00033,VEH00033,SO0009,,116.81,116.81,0.0,2728.79,1,1,-54.0,False,False,True,True,True,True,False,Completed
DEL000000014,ORD000000014,SHP000000014,2024-12-24,2024-12-25 16:31:37,2024-12-25 15:40:37,CUST000668,DRV00171,ROUTE00172,VEH00172,SO0043,,45.9,45.9,0.0,714.27,1,1,-51.0,False,False,True,True,True,True,False,Completed
DEL000000015,ORD000000015,SHP000000015,2025-10-06,2025-10-07 06:22:24,2025-10-07 05:24:24,CUST000967,DRV00140,ROUTE00138,VEH00138,SO0035,,67.71,66.13,1.58,1440.49,1,1,-58.0,False,False,True,False,False,True,False,Completed
DEL000000016,ORD000000016,SHP000000016,2025-11-03,2025-11-04 00:58:00,2025-11-04 00:37:00,CUST002221,DRV00152,ROUTE00152,VEH00151,SO0038,,44.04,44.04,0.0,818.64,1,1,-21.0,True,False,True,True,True,True,False,Completed
DEL000000017,ORD000000017,SHP000000017,2026-02-17,2026-02-18 07:16:33,2026-02-18 06:36:33,CUST001344,DRV00090,ROUTE00089,VEH00092,SO0023,,20.39,20.39,0.0,355.85,1,1,-40.0,False,False,True,True,True,True,False,Completed
DEL000000018,ORD000000018,SHP000000018,2025-06-07,2025-06-08 17:50:38,2025-06-08 19:40:38,CUST001250,DRV00080,ROUTE00079,VEH00078,SO0020,,87.81,87.81,0.0,2182.44,1,1,110.0,False,False,False,True,False,False,False,Completed
DEL000000019,ORD000000019,SHP000000019,2026-05-08,2026-05-09 10:26:18,2026-05-09 12:49:18,CUST000089,DRV00077,ROUTE00078,VEH00079,SO0020,,126.08,126.08,0.0,2708.52,1,1,143.0,False,False,False,True,False,False,False,Completed
DEL000000020,ORD000000020,SHP000000020,2024-12-02,2024-12-03 08:51:17,2024-12-03 09:34:17,CUST001220,DRV00073,ROUTE00076,VEH00076,SO0019,,102.57,102.57,0.0,2506.53,1,1,43.0,False,False,False,True,False,False,False,Completed
DEL000000021,ORD000000021,SHP000000021,2026-01-21,2026-01-22 09:40:25,2026-01-22 09:24:25,CUST000089,DRV00080,ROUTE00079,VEH00078,SO0020,,135.54,135.54,0.0,3327.9,1,1,-16.0,False,False,True,True,True,True,False,Completed
DEL000000022,ORD000000022,SHP000000022,2025-08-25,2025-08-26 14:23:02,2025-08-26 13:55:02,CUST002201,DRV00003,ROUTE00002,VEH00004,SO0001,,140.74,140.74,0.0,2370.3,1,1,-28.0,False,False,True,True,True,True,False,Completed
DEL000000023,ORD000000023,SHP000000023,2025-01-13,2025-01-14 05:50:04,2025-01-14 05:01:04,CUST001072,DRV00144,ROUTE00142,VEH00142,SO0036,,49.48,49.48,0.0,932.1,1,1,-49.0,False,False,True,True,True,True,False,Completed
DEL000000024,ORD000000024,SHP000000024,2024-07-01,2024-07-02 14:59:52,2024-07-02 15:07:52,CUST002104,DRV00184,ROUTE00184,VEH00182,SO0046,,62.22,62.22,0.0,1583.71,1,1,8.0,False,False,True,True,True,True,False,Completed
DEL000000025,ORD000000025,SHP000000025,2026-07-16,2026-07-17 12:00:52,2026-07-17 11:25:52,CUST000241,DRV00068,ROUTE00066,VEH00067,SO0017,,70.33,70.33,0.0,1430.61,1,1,-35.0,False,False,True,True,True,True,False,Completed
DEL000000026,ORD000000026,SHP000000026,2024-08-10,2024-08-11 03:52:46,2024-08-11 03:09:46,CUST001789,DRV00075,ROUTE00076,VEH00074,SO0019,,82.68,82.68,0.0,1268.32,1,1,-43.0,False,False,True,True,True,True,False,Completed
DEL000000027,ORD000000027,SHP000000027,2024-05-31,2024-06-01 01:09:39,2024-06-01 01:13:39,CUST000371,DRV00018,ROUTE00019,VEH00017,SO0005,,76.45,76.45,0.0,1175.61,1,1,4.0,False,False,True,True,True,True,False,Completed
DEL000000028,ORD000000028,SHP000000028,2024-12-10,2024-12-11 22:23:08,2024-12-11 21:23:08,CUST001499,DRV00164,ROUTE00163,VEH00164,SO0041,,35.04,35.04,0.0,567.6,1,1,-60.0,False,False,True,True,True,True,False,Completed
DEL000000029,ORD000000029,SHP000000029,2026-04-14,2026-04-15 13:47:00,2026-04-15 13:08:00,CUST001189,DRV00049,ROUTE00050,VEH00049,SO0013,,168.93,168.93,0.0,2895.17,1,1,-39.0,False,False,True,True,True,True,False,Completed
DEL000000030,ORD000000030,SHP000000030,2026-06-06,2026-06-07 09:11:31,2026-06-07 09:25:31,CUST000041,DRV00138,ROUTE00137,VEH00139,SO0035,,54.59,54.59,0.0,1182.63,1,1,14.0,False,False,True,True,True,True,False,Completed
DEL000000031,ORD000000031,SHP000000031,2024-05-31,2024-06-01 07:34:02,2024-06-01 07:32:02,CUST000349,DRV00072,ROUTE00069,VEH00070,SO0018,,39.21,39.21,0.0,896.06,1,1,-2.0,False,False,True,True,True,True,False,Completed
DEL000000032,ORD000000032,SHP000000032,2024-07-11,2024-07-12 07:39:21,2024-07-12 06:52:21,CUST000455,DRV00021,ROUTE00024,VEH00022,SO0006,,50.36,50.36,0.0,1130.33,1,1,-47.0,False,False,True,True,True,True,False,Completed
DEL000000033,ORD000000033,SHP000000033,2025-12-29,2025-12-30 08:45:15,2025-12-30 08:01:15,CUST001550,DRV00087,ROUTE00088,VEH00087,SO0022,,49.15,49.15,0.0,910.27,1,1,-44.0,False,False,True,True,True,True,False,Completed
DEL000000034,ORD000000034,SHP000000034,2026-03-25,2026-03-26 10:04:14,2026-03-26 09:33:14,CUST001873,DRV00117,ROUTE00119,VEH00117,SO0030,,93.32,93.32,0.0,2199.69,1,1,-31.0,False,False,True,True,True,True,False,Completed
DEL000000035,ORD000000035,SHP000000035,2024-04-25,2024-04-26 18:37:34,2024-04-26 18:13:34,CUST000150,DRV00039,ROUTE00040,VEH00037,SO0010,,93.3,93.3,0.0,1872.03,1,1,-24.0,False,False,True,True,True,True,False,Completed
DEL000000036,ORD000000036,SHP000000036,2026-06-10,2026-06-11 14:18:27,2026-06-11 13:52:27,CUST001634,DRV00138,ROUTE00138,VEH00139,SO0035,,47.24,47.24,0.0,1126.3,1,1,-26.0,False,False,True,True,True,True,False,Completed
DEL000000037,ORD000000037,SHP000000037,2025-09-26,2025-09-27 20:37:09,2025-09-27 19:52:09,CUST000026,DRV00097,ROUTE00098,VEH00100,SO0025,,146.39,146.39,0.0,3849.51,1,1,-45.0,False,False,True,True,True,True,False,Completed
DEL000000038,ORD000000038,SHP000000038,2024-10-11,2024-10-12 06:04:39,2024-10-12 06:05:39,CUST000676,DRV00113,ROUTE00114,VEH00116,SO0029,,87.99,87.99,0.0,1337.34,1,1,1.0,False,False,True,True,True,True,False,Completed
DEL000000039,ORD000000039,SHP000000039,2024-11-25,2024-11-26 05:24:12,2024-11-26 06:56:12,CUST000275,DRV00190,ROUTE00192,VEH00192,SO0048,,93.71,93.71,0.0,1747.15,1,1,92.0,False,False,False,True,False,False,False,Completed
DEL000000040,ORD000000040,SHP000000040,2025-03-13,2025-03-14 19:05:16,2025-03-14 18:59:16,CUST000841,DRV00175,ROUTE00174,VEH00173,SO0044,,55.98,55.98,0.0,827.47,1,1,-6.0,False,False,True,True,True,True,False,Completed
DEL000000041,ORD000000041,SHP000000041,2025-09-19,2025-09-20 19:11:57,2025-09-20 18:45:57,CUST001617,DRV00189,ROUTE00191,VEH00192,SO0048,,98.37,98.37,0.0,2611.41,1,1,-26.0,False,False,True,True,True,True,False,Completed
DEL000000042,ORD000000042,SHP000000042,2026-04-25,2026-04-26 20:03:43,2026-04-26 20:12:43,CUST000658,DRV00162,ROUTE00163,VEH00161,SO0041,,41.01,41.01,0.0,752.81,1,1,9.0,False,False,True,True,True,True,False,Completed
DEL000000043,ORD000000043,SHP000000043,2026-02-24,2026-02-25 16:50:24,2026-02-25 16:21:24,CUST000298,DRV00169,ROUTE00170,VEH00172,SO0043,,95.31,95.31,0.0,2223.17,1,1,-29.0,False,False,True,True,True,True,False,Completed
DEL000000044,ORD000000044,SHP000000044,2026-07-10,2026-07-11 10:46:40,2026-07-11 10:29:40,CUST000170,DRV00082,ROUTE00083,VEH00081,SO0021,,49.51,49.51,0.0,1044.97,1,1,-17.0,False,False,True,True,True,True,False,Completed
DEL000000045,ORD000000045,SHP000000045,2025-03-15,2025-03-16 09:34:12,2025-03-16 08:39:12,CUST002386,DRV00102,ROUTE00101,VEH00101,SO0026,,81.52,81.52,0.0,1602.36,1,1,-55.0,True,False,True,True,True,True,False,Completed
DEL000000046,ORD000000046,SHP000000046,2024-07-08,2024-07-09 18:27:58,2024-07-09 20:06:58,CUST001977,DRV00150,ROUTE00151,VEH00149,SO0038,,94.24,75.09,19.15,1101.7,1,1,99.0,False,False,False,False,False,False,False,Completed
DEL000000047,ORD000000047,SHP000000047,2024-01-31,2024-02-01 05:39:40,2024-02-01 07:22:40,CUST000306,DRV00064,ROUTE00061,VEH00063,SO0016,,134.13,134.13,0.0,2256.8,1,1,103.0,False,False,False,True,False,False,False,Completed
DEL000000048,ORD000000048,SHP000000048,2025-03-01,2025-03-02 14:00:26,2025-03-02 13:54:26,CUST000064,DRV00161,ROUTE00163,VEH00162,SO0041,,74.63,74.63,0.0,1231.27,1,1,-6.0,False,False,True,True,True,True,False,Completed
DEL000000049,ORD000000049,SHP000000049,2025-03-29,2025-03-30 04:11:39,2025-03-30 03:33:39,CUST001491,DRV00177,ROUTE00178,VEH00180,SO0045,,79.08,79.08,0.0,1722.07,1,1,-38.0,False,False,True,True,True,True,False,Completed
DEL000000050,ORD000000050,SHP000000050,2025-10-31,2025-11-01 06:08:38,2025-11-01 05:23:38,CUST000710,DRV00059,ROUTE00060,VEH00058,SO0015,,48.44,48.44,0.0,1145.94,1,1,-45.0,False,False,True,True,True,True,False,Completed
DEL000000051,ORD000000051,SHP000000051,2024-07-20,2024-07-21 13:46:00,2024-07-21 13:04:00,CUST001974,DRV00008,ROUTE00007,VEH00006,SO0002,,105.42,105.42,0.0,1927.72,1,1,-42.0,False,False,True,True,True,True,False,Completed
DEL000000052,ORD000000052,SHP000000052,2025-03-18,2025-03-19 06:28:18,2025-03-19 06:34:18,CUST000146,DRV00068,ROUTE00068,VEH00067,SO0017,,125.57,125.57,0.0,3379.93,1,1,6.0,False,False,True,True,True,True,False,Completed
DEL000000053,ORD000000053,SHP000000053,2025-06-30,2025-07-01 02:53:52,2025-07-01 03:53:52,CUST001676,DRV00138,ROUTE00138,VEH00139,SO0035,,62.96,62.96,0.0,1309.18,1,1,60.0,False,False,False,True,False,False,False,Completed
DEL000000054,ORD000000054,SHP000000054,2026-03-18,2026-03-19 09:49:15,2026-03-19 09:13:15,CUST002002,DRV00084,ROUTE00083,VEH00082,SO0021,,213.41,156.93,56.48,2759.82,1,1,-36.0,False,False,True,False,False,True,False,Completed
DEL000000055,ORD000000055,SHP000000055,2024-08-24,2024-08-25 05:35:52,2024-08-25 05:09:52,CUST001325,DRV00018,ROUTE00020,VEH00019,SO0005,,159.59,159.59,0.0,4162.02,1,1,-26.0,False,False,True,True,True,True,False,Completed
DEL000000056,ORD000000056,SHP000000056,2026-06-15,2026-06-16 08:59:51,2026-06-16 09:04:51,CUST002067,DRV00067,ROUTE00068,VEH00065,SO0017,,128.02,128.02,0.0,3114.48,1,1,5.0,False,False,True,True,True,True,False,Completed
DEL000000057,ORD000000057,SHP000000057,2024-07-22,2024-07-23 11:06:51,2024-07-23 10:59:51,CUST001696,DRV00164,ROUTE00162,VEH00161,SO0041,,72.91,52.03,20.88,1190.65,1,1,-7.0,False,False,True,False,False,True,False,Completed
DEL000000058,ORD000000058,SHP000000058,2025-08-06,2025-08-07 19:07:47,2025-08-07 18:22:47,CUST001099,DRV00158,ROUTE00159,VEH00157,SO0040,,102.0,102.0,0.0,1662.71,1,1,-45.0,True,False,True,True,True,True,False,Completed
DEL000000059,ORD000000059,SHP000000059,2026-01-19,2026-01-20 09:22:04,2026-01-20 09:23:04,CUST001199,DRV00172,ROUTE00170,VEH00172,SO0043,,60.24,60.24,0.0,1256.39,1,1,1.0,False,False,True,True,True,True,False,Completed
DEL000000060,ORD000000060,SHP000000060,2026-06-15,2026-06-16 09:15:40,2026-06-16 08:17:40,CUST000267,DRV00143,ROUTE00143,VEH00144,SO0036,,64.48,64.48,0.0,1726.12,1,1,-58.0,False,False,True,True,True,True,False,Completed
DEL000000061,ORD000000061,SHP000000061,2025-01-16,2025-01-17 00:45:23,2025-01-17 00:32:23,CUST001025,DRV00165,ROUTE00165,VEH00165,SO0042,,110.39,110.39,0.0,2773.34,1,1,-13.0,False,False,True,True,True,True,False,Completed
DEL000000062,ORD000000062,SHP000000062,2025-09-20,2025-09-21 10:37:41,2025-09-21 10:37:41,CUST000439,DRV00010,ROUTE00009,VEH00010,SO0003,,42.57,42.57,0.0,1128.13,1,1,0.0,False,False,True,True,True,True,False,Completed
DEL000000063,ORD000000063,SHP000000063,2025-01-03,2025-01-04 22:47:07,2025-01-04 22:16:07,CUST001911,DRV00026,ROUTE00025,VEH00025,SO0007,,54.24,54.24,0.0,1051.61,1,1,-31.0,False,False,True,True,True,True,False,Completed
DEL000000064,ORD000000064,SHP000000064,2025-08-28,2025-08-29 10:36:15,2025-08-29 09:58:15,CUST001864,DRV00148,ROUTE00148,VEH00147,SO0037,,43.08,43.08,0.0,881.88,1,1,-38.0,False,False,True,True,True,True,False,Completed
DEL000000065,ORD000000065,SHP000000065,2024-06-22,2024-06-23 14:04:23,2024-06-23 13:37:23,CUST001232,DRV00014,ROUTE00013,VEH00013,SO0004,,64.23,64.23,0.0,1627.9,1,1,-27.0,False,False,True,True,True,True,False,Completed
DEL000000066,ORD000000066,SHP000000066,2026-07-23,2026-07-24 09:33:14,2026-07-24 08:34:14,CUST001819,DRV00053,ROUTE00056,VEH00053,SO0014,,76.73,76.73,0.0,1199.93,1,1,-59.0,False,False,True,True,True,True,False,Completed
DEL000000067,ORD000000067,SHP000000067,2025-12-10,2025-12-11 16:36:57,2025-12-11 16:30:57,CUST001414,DRV00096,ROUTE00095,VEH00093,SO0024,,55.59,55.59,0.0,864.86,1,1,-6.0,False,False,True,True,True,True,False,Completed
DEL000000068,ORD000000068,SHP000000068,2024-07-31,2024-08-01 17:03:37,2024-08-01 16:54:37,CUST000819,DRV00157,ROUTE00157,VEH00159,SO0040,,51.2,51.2,0.0,867.32,1,1,-9.0,False,False,True,True,True,True,False,Completed
DEL000000069,ORD000000069,SHP000000069,2025-05-01,2025-05-02 15:26:58,2025-05-02 15:35:58,CUST000451,DRV00017,ROUTE00017,VEH00018,SO0005,,103.15,103.15,0.0,2770.11,1,1,9.0,False,False,True,True,True,True,False,Completed
DEL000000070,ORD000000070,SHP000000070,2025-09-19,2025-09-20 17:04:32,2025-09-20 18:24:32,CUST001335,DRV00138,ROUTE00138,VEH00138,SO0035,,197.03,197.03,0.0,3803.57,1,1,80.0,False,False,False,True,False,False,False,Completed
DEL000000071,ORD000000071,SHP000000071,2026-02-10,2026-02-11 10:53:52,2026-02-11 10:23:52,CUST001851,DRV00146,ROUTE00148,VEH00145,SO0037,,61.08,61.08,0.0,1730.48,1,1,-30.0,False,False,True,True,True,True,False,Completed
DEL000000072,ORD000000072,SHP000000072,2026-05-04,2026-05-05 23:38:05,2026-05-05 22:41:05,CUST001750,DRV00163,ROUTE00164,VEH00164,SO0041,,55.21,54.09,1.12,981.82,1,1,-57.0,False,False,True,False,False,True,False,Completed
DEL000000073,ORD000000073,SHP000000073,2026-05-11,2026-05-12 01:29:26,,CUST000653,DRV00026,ROUTE00028,VEH00027,SO0007,SCHOOL_ZONE,148.75,0.0,148.75,0.0,1,0,,False,False,False,False,False,False,True,Missed
DEL000000074,ORD000000074,SHP000000074,2026-07-06,2026-07-07 02:41:46,2026-07-07 02:19:46,CUST001820,DRV00140,ROUTE00139,VEH00139,SO0035,,41.06,41.06,0.0,902.4,1,1,-22.0,False,False,True,True,True,True,False,Completed
DEL000000075,ORD000000075,SHP000000075,2025-10-27,2025-10-28 02:19:36,2025-10-28 02:13:36,CUST000746,DRV00143,ROUTE00144,VEH00144,SO0036,,68.64,50.38,18.26,994.39,1,1,-6.0,False,False,True,False,False,True,False,Completed
DEL000000076,ORD000000076,SHP000000076,2025-07-29,2025-07-30 04:38:04,2025-07-30 06:22:04,CUST001112,DRV00186,ROUTE00186,VEH00188,SO0047,,49.7,49.7,0.0,962.85,1,1,104.0,False,False,False,True,False,False,False,Completed
DEL000000077,ORD000000077,SHP000000077,2025-12-22,2025-12-23 11:14:33,2025-12-23 11:23:33,CUST002430,DRV00143,ROUTE00143,VEH00144,SO0036,,70.14,70.14,0.0,1440.73,1,1,9.0,False,False,True,True,True,True,False,Completed
DEL000000078,ORD000000078,SHP000000078,2025-06-12,2025-06-13 22:03:39,2025-06-13 21:15:39,CUST000943,DRV00113,ROUTE00113,VEH00115,SO0029,,27.77,27.77,0.0,620.64,1,1,-48.0,False,True,True,True,True,True,False,Completed
DEL000000079,ORD000000079,SHP000000079,2026-07-02,2026-07-03 21:25:23,2026-07-03 21:40:23,CUST000066,DRV00154,ROUTE00155,VEH00153,SO0039,,107.31,107.31,0.0,2594.67,1,1,15.0,False,False,True,True,True,True,False,Completed
DEL000000080,ORD000000080,SHP000000080,2026-03-19,2026-03-20 08:23:09,2026-03-20 11:05:09,CUST000894,DRV00078,ROUTE00079,VEH00077,SO0020,,84.49,84.49,0.0,1553.9,1,1,162.0,False,False,False,True,False,False,False,Completed
DEL000000081,ORD000000081,SHP000000081,2024-09-02,2024-09-03 06:07:26,2024-09-03 05:36:26,CUST002321,DRV00179,ROUTE00178,VEH00177,SO0045,,234.38,234.38,0.0,4771.54,1,1,-31.0,False,False,True,True,True,True,False,Completed
DEL000000082,ORD000000082,SHP000000082,2026-04-17,2026-04-18 19:16:03,2026-04-18 18:47:03,CUST001322,DRV00011,ROUTE00010,VEH00010,SO0003,,33.9,33.9,0.0,705.79,1,1,-29.0,False,True,True,True,True,True,False,Completed
DEL000000083,ORD000000083,SHP000000083,2024-07-06,2024-07-07 13:53:50,2024-07-07 13:25:50,CUST001386,DRV00066,ROUTE00066,VEH00067,SO0017,,19.78,19.78,0.0,378.62,1,1,-28.0,False,False,True,True,True,True,False,Completed
DEL000000084,ORD000000084,SHP000000084,2025-08-01,2025-08-02 18:43:49,2025-08-02 18:12:49,CUST000463,DRV00080,ROUTE00078,VEH00077,SO0020,,80.89,80.89,0.0,2189.63,1,1,-31.0,False,False,True,True,True,True,False,Completed
DEL000000085,ORD000000085,SHP000000085,2024-01-30,2024-01-31 10:09:48,2024-01-31 09:48:48,CUST001112,DRV00188,ROUTE00186,VEH00188,SO0047,,51.04,51.04,0.0,1347.09,1,1,-21.0,False,False,True,True,True,True,False,Completed
DEL000000086,ORD000000086,SHP000000086,2025-10-11,2025-10-12 11:27:40,2025-10-12 11:25:40,CUST001760,DRV00177,ROUTE00179,VEH00177,SO0045,,79.53,79.53,0.0,2034.71,1,1,-2.0,False,False,True,True,True,True,False,Completed
DEL000000087,ORD000000087,SHP000000087,2026-04-22,2026-04-23 11:46:06,2026-04-23 11:00:06,CUST002151,DRV00188,ROUTE00185,VEH00185,SO0047,,64.75,64.75,0.0,1727.41,1,1,-46.0,False,False,True,True,True,True,False,Completed
DEL000000088,ORD000000088,SHP000000088,2024-02-07,2024-02-08 02:06:22,,CUST001252,DRV00088,ROUTE00088,VEH00085,SO0022,NO_LEFT_TURN,31.47,0.0,31.47,0.0,1,0,,False,False,False,False,False,False,True,Missed
DEL000000089,ORD000000089,SHP000000089,2025-11-04,2025-11-05 09:12:57,2025-11-05 09:10:57,CUST001931,DRV00189,ROUTE00192,VEH00189,SO0048,,132.6,132.6,0.0,3747.19,1,1,-2.0,False,False,True,True,True,True,False,Completed
DEL000000090,ORD000000090,SHP000000090,2026-03-03,2026-03-04 22:44:44,2026-03-04 22:01:44,CUST001612,DRV00077,ROUTE00079,VEH00078,SO0020,,126.92,126.92,0.0,2978.37,1,1,-43.0,False,False,True,True,True,True,False,Completed
DEL000000091,ORD000000091,SHP000000091,2024-10-12,2024-10-13 21:10:03,,CUST001558,DRV00082,ROUTE00082,VEH00081,SO0021,CUSTOMER_REFUSED,197.05,0.0,197.05,0.0,1,0,,False,False,False,False,False,False,True,Missed
DEL000000092,ORD000000092,SHP000000092,2025-06-22,2025-06-23 18:15:51,2025-06-23 17:21:51,CUST002035,DRV00113,ROUTE00114,VEH00116,SO0029,,72.35,72.35,0.0,1938.38,1,1,-54.0,False,False,True,True,True,True,False,Completed
DEL000000093,ORD000000093,SHP000000093,2024-08-31,2024-09-01 08:40:04,2024-09-01 08:37:04,CUST002318,DRV00076,ROUTE00074,VEH00074,SO0019,,77.15,77.15,0.0,1251.74,1,1,-3.0,False,False,True,True,True,True,False,Completed
DEL000000094,ORD000000094,SHP000000094,2025-11-03,2025-11-04 18:47:41,2025-11-04 18:47:41,CUST000348,DRV00088,ROUTE00085,VEH00088,SO0022,,60.53,60.53,0.0,1742.24,1,1,0.0,False,False,True,True,True,True,False,Completed
DEL000000095,ORD000000095,SHP000000095,2026-02-07,2026-02-08 12:43:26,2026-02-08 12:35:26,CUST000241,DRV00068,ROUTE00068,VEH00066,SO0017,,111.88,111.88,0.0,2421.88,1,1,-8.0,False,True,True,True,True,True,False,Completed
DEL000000096,ORD000000096,SHP000000096,2024-12-06,2024-12-07 16:48:50,2024-12-07 16:54:50,CUST001313,DRV00034,ROUTE00036,VEH00036,SO0009,,147.22,147.22,0.0,3569.29,1,1,6.0,False,False,True,True,True,True,False,Completed
DEL000000097,ORD000000097,SHP000000097,2025-10-21,2025-10-22 00:35:40,2025-10-21 23:53:40,CUST001668,DRV00166,ROUTE00166,VEH00166,SO0042,,32.54,32.54,0.0,729.59,1,1,-42.0,False,False,True,True,True,True,False,Completed
DEL000000098,ORD000000098,SHP000000098,2024-10-31,2024-11-01 23:21:46,2024-11-02 01:03:46,CUST000546,DRV00020,ROUTE00019,VEH00017,SO0005,,49.52,49.52,0.0,732.13,1,1,102.0,False,True,False,True,False,False,False,Completed
DEL000000099,ORD000000099,SHP000000099,2025-01-27,2025-01-28 19:47:34,2025-01-28 19:55:34,CUST002311,DRV00032,ROUTE00032,VEH00031,SO0008,,122.83,122.83,0.0,2092.04,1,1,8.0,False,False,True,True,True,True,False,Completed
DEL000000100,ORD000000100,SHP000000100,2024-12-30,2024-12-31 10:01:21,2024-12-31 12:16:21,CUST000757,DRV00091,ROUTE00091,VEH00089,SO0023,,37.46,37.46,0.0,680.86,1,1,135.0,False,False,False,True,False,False,False,Completed
DEL000000101,ORD000000101,SHP000000101,2024-05-25,2024-05-26 01:06:23,2024-05-26 00:16:23,CUST000752,DRV00079,ROUTE00080,VEH00078,SO0020,,40.77,40.77,0.0,1152.16,1,1,-50.0,False,True,True,True,True,True,False,Completed
DEL000000102,ORD000000102,SHP000000102,2025-09-20,2025-09-21 22:27:15,2025-09-21 22:39:15,CUST000104,DRV00114,ROUTE00114,VEH00115,SO0029,,64.18,64.18,0.0,1566.16,1,1,12.0,False,False,True,True,True,True,False,Completed
DEL000000103,ORD000000103,SHP000000103,2024-03-23,2024-03-24 22:23:12,2024-03-24 22:17:12,CUST000282,DRV00037,ROUTE00037,VEH00038,SO0010,,125.68,125.68,0.0,2033.02,1,1,-6.0,False,False,True,True,True,True,False,Completed
DEL000000104,ORD000000104,SHP000000104,2025-05-19,2025-05-20 02:47:42,2025-05-20 01:58:42,CUST000523,DRV00159,ROUTE00157,VEH00159,SO0040,,26.59,26.59,0.0,633.73,1,1,-49.0,False,False,True,True,True,True,False,Completed
DEL000000105,ORD000000105,SHP000000105,2025-08-20,2025-08-21 17:29:43,2025-08-21 16:55:43,CUST002147,DRV00177,ROUTE00179,VEH00180,SO0045,,62.85,62.85,0.0,1382.52,1,1,-34.0,False,False,True,True,True,True,False,Completed
DEL000000106,ORD000000106,SHP000000106,2024-02-06,2024-02-07 04:01:44,2024-02-07 05:34:44,CUST000228,DRV00123,ROUTE00122,VEH00122,SO0031,,21.54,21.54,0.0,491.49,1,1,93.0,False,False,False,True,False,False,False,Completed
DEL000000107,ORD000000107,SHP000000107,2026-01-25,2026-01-26 18:21:12,2026-01-26 17:31:12,CUST002078,DRV00055,ROUTE00056,VEH00054,SO0014,,89.27,89.27,0.0,1905.18,1,1,-50.0,False,False,True,True,True,True,False,Completed
DEL000000108,ORD000000108,SHP000000108,2024-05-15,2024-05-16 08:52:19,2024-05-16 07:59:19,CUST001760,DRV00177,ROUTE00180,VEH00177,SO0045,,79.02,79.02,0.0,2054.67,1,1,-53.0,False,False,True,True,True,True,False,Completed
DEL000000109,ORD000000109,SHP000000109,2025-05-18,2025-05-19 19:48:52,2025-05-19 19:19:52,CUST000448,DRV00065,ROUTE00067,VEH00066,SO0017,,59.33,59.33,0.0,1381.95,1,1,-29.0,False,False,True,True,True,True,False,Completed
DEL000000110,ORD000000110,SHP000000110,2024-12-31,2025-01-01 04:38:16,2025-01-01 03:54:16,CUST001658,DRV00179,ROUTE00177,VEH00180,SO0045,,56.39,56.39,0.0,934.79,1,1,-44.0,False,False,True,True,True,True,False,Completed
DEL000000111,ORD000000111,SHP000000111,2026-01-14,2026-01-15 16:12:47,2026-01-15 15:59:47,CUST000236,DRV00165,ROUTE00168,VEH00167,SO0042,,139.48,139.48,0.0,2352.65,1,1,-13.0,False,False,True,True,True,True,False,Completed
DEL000000112,ORD000000112,SHP000000112,2025-11-13,2025-11-14 18:58:37,2025-11-14 19:39:37,CUST002409,DRV00171,ROUTE00169,VEH00169,SO0043,,66.76,66.76,0.0,1718.99,1,1,41.0,False,False,False,True,False,False,False,Completed
DEL000000113,ORD000000113,SHP000000113,2024-01-21,2024-01-22 20:13:43,2024-01-22 19:45:43,CUST001789,DRV00076,ROUTE00074,VEH00076,SO0019,,90.2,90.2,0.0,2281.75,1,1,-28.0,False,False,True,True,True,True,False,Completed
DEL000000114,ORD000000114,SHP000000114,2025-07-11,2025-07-12 05:21:57,2025-07-12 06:35:57,CUST002432,DRV00129,ROUTE00131,VEH00132,SO0033,,81.36,81.36,0.0,1253.46,1,1,74.0,False,False,False,True,False,False,False,Completed
DEL000000115,ORD000000115,SHP000000115,2025-11-08,2025-11-09 14:10:21,2025-11-09 13:54:21,CUST001583,DRV00153,ROUTE00154,VEH00154,SO0039,,39.53,39.53,0.0,676.07,1,1,-16.0,False,False,True,True,True,True,False,Completed
DEL000000116,ORD000000116,SHP000000116,2026-06-17,2026-06-18 11:17:44,2026-06-18 11:06:44,CUST001441,DRV00129,ROUTE00129,VEH00130,SO0033,,90.8,90.8,0.0,2512.56,1,1,-11.0,False,False,True,True,True,True,False,Completed
DEL000000117,ORD000000117,SHP000000117,2026-04-09,2026-04-10 01:37:07,2026-04-10 00:37:07,CUST001254,DRV00135,ROUTE00136,VEH00136,SO0034,,78.84,78.84,0.0,1138.2,1,1,-60.0,True,False,True,True,True,True,False,Completed
DEL000000118,ORD000000118,SHP000000118,2025-09-04,2025-09-05 09:38:05,2025-09-05 08:45:05,CUST000420,DRV00189,ROUTE00191,VEH00191,SO0048,,67.48,67.48,0.0,1454.8,1,1,-53.0,False,False,True,True,True,True,False,Completed
DEL000000119,ORD000000119,SHP000000119,2024-04-15,2024-04-16 21:38:44,2024-04-16 21:02:44,CUST001925,DRV00091,ROUTE00090,VEH00091,SO0023,,18.71,18.71,0.0,396.77,1,1,-36.0,False,False,True,True,True,True,False,Completed
DEL000000120,ORD000000120,SHP000000120,2025-08-27,2025-08-28 14:57:00,2025-08-28 14:29:00,CUST001995,DRV00015,ROUTE00016,VEH00013,SO0004,,66.38,66.38,0.0,1632.99,1,1,-28.0,False,False,True,True,True,True,False,Completed
DEL000000121,ORD000000121,SHP000000121,2024-09-18,2024-09-19 21:01:47,2024-09-19 20:46:47,CUST002481,DRV00143,ROUTE00142,VEH00142,SO0036,,54.44,54.44,0.0,864.65,1,1,-15.0,False,False,True,True,True,True,False,Completed
DEL000000122,ORD000000122,SHP000000122,2024-05-04,2024-05-05 13:34:32,2024-05-05 12:55:32,CUST001489,DRV00086,ROUTE00085,VEH00088,SO0022,,45.21,45.21,0.0,779.12,1,1,-39.0,False,False,True,True,True,True,False,Completed
DEL000000123,ORD000000123,SHP000000123,2024-08-20,2024-08-21 06:26:34,2024-08-21 05:42:34,CUST002247,DRV00134,ROUTE00136,VEH00134,SO0034,,98.99,98.99,0.0,2663.03,1,1,-44.0,False,False,True,True,True,True,False,Completed
DEL000000124,ORD000000124,SHP000000124,2025-06-19,2025-06-20 03:42:47,2025-06-20 03:46:47,CUST000396,DRV00148,ROUTE00147,VEH00147,SO0037,,91.6,91.6,0.0,1578.4,1,1,4.0,False,False,True,True,True,True,False,Completed
DEL000000125,ORD000000125,SHP000000125,2024-06-18,2024-06-19 02:44:40,2024-06-19 01:53:40,CUST001388,DRV00114,ROUTE00114,VEH00114,SO0029,,74.98,74.98,0.0,1310.0,1,1,-51.0,False,False,True,True,True,True,False,Completed
DEL000000126,ORD000000126,SHP000000126,2026-05-15,2026-05-16 11:12:57,2026-05-16 10:21:57,CUST002096,DRV00150,ROUTE00150,VEH00151,SO0038,,45.69,45.69,0.0,986.91,1,1,-51.0,False,False,True,True,True,True,False,Completed
DEL000000127,ORD000000127,SHP000000127,2025-06-26,2025-06-27 23:56:56,,CUST001762,DRV00178,ROUTE00180,VEH00178,SO0045,SCHOOL_ZONE,57.21,0.0,57.21,0.0,1,0,,False,False,False,False,False,False,True,Missed
DEL000000128,ORD000000128,SHP000000128,2026-06-28,2026-06-29 19:14:54,2026-06-29 18:52:54,CUST000426,DRV00081,ROUTE00082,VEH00083,SO0021,,61.23,61.23,0.0,1468.99,1,1,-22.0,False,False,True,True,True,True,False,Completed
DEL000000129,ORD000000129,SHP000000129,2024-01-02,2024-01-03 08:42:08,2024-01-03 07:53:08,CUST000053,DRV00039,ROUTE00040,VEH00040,SO0010,,108.85,108.85,0.0,2293.42,1,1,-49.0,False,False,True,True,True,True,False,Completed
DEL000000130,ORD000000130,SHP000000130,2025-09-29,2025-09-30 10:17:26,2025-09-30 09:40:26,CUST001398,DRV00079,ROUTE00078,VEH00078,SO0020,,129.98,129.98,0.0,1981.53,1,1,-37.0,False,False,True,True,True,True,False,Completed
DEL000000131,ORD000000131,SHP000000131,2025-04-16,2025-04-17 20:12:27,2025-04-17 19:53:27,CUST000569,DRV00026,ROUTE00025,VEH00027,SO0007,,47.26,47.26,0.0,928.75,1,1,-19.0,False,False,True,True,True,True,False,Completed
DEL000000132,ORD000000132,SHP000000132,2026-07-04,2026-07-05 13:33:51,2026-07-05 15:32:51,CUST001702,DRV00154,ROUTE00154,VEH00154,SO0039,,69.09,69.09,0.0,1246.03,1,1,119.0,False,False,False,True,False,False,False,Completed
DEL000000133,ORD000000133,SHP000000133,2025-04-13,2025-04-14 02:59:38,2025-04-14 02:24:38,CUST000065,DRV00175,ROUTE00173,VEH00176,SO0044,,25.74,25.74,0.0,539.46,1,1,-35.0,False,False,True,True,True,True,False,Completed
DEL000000134,ORD000000134,SHP000000134,2024-02-10,2024-02-11 21:28:59,2024-02-11 21:19:59,CUST001333,DRV00036,ROUTE00035,VEH00034,SO0009,,88.01,88.01,0.0,1599.92,1,1,-9.0,False,False,True,True,True,True,False,Completed
DEL000000135,ORD000000135,SHP000000135,2024-03-05,2024-03-06 13:53:50,2024-03-06 13:28:50,CUST001529,DRV00100,ROUTE00098,VEH00098,SO0025,,53.39,53.39,0.0,1124.07,1,1,-25.0,False,False,True,True,True,True,False,Completed
DEL000000136,ORD000000136,SHP000000136,2025-01-14,2025-01-15 20:52:26,2025-01-15 20:30:26,CUST000920,DRV00049,ROUTE00052,VEH00049,SO0013,,89.32,89.32,0.0,2532.51,1,1,-22.0,False,False,True,True,True,True,False,Completed
DEL000000137,ORD000000137,SHP000000137,2026-03-18,2026-03-19 08:50:04,2026-03-19 08:22:04,CUST000996,DRV00070,ROUTE00070,VEH00070,SO0018,,61.45,61.45,0.0,1556.16,1,1,-28.0,False,False,True,True,True,True,False,Completed
DEL000000138,ORD000000138,SHP000000138,2025-06-25,2025-06-26 11:26:17,2025-06-26 11:13:17,CUST000371,DRV00020,ROUTE00020,VEH00019,SO0005,,68.38,68.38,0.0,1119.85,1,1,-13.0,False,False,True,True,True,True,False,Completed
DEL000000139,ORD000000139,SHP000000139,2026-06-22,2026-06-23 23:04:24,2026-06-23 23:04:24,CUST002347,DRV00118,ROUTE00120,VEH00120,SO0030,,89.32,89.32,0.0,2032.94,1,1,0.0,False,False,True,True,True,True,False,Completed
DEL000000140,ORD000000140,SHP000000140,2024-10-11,2024-10-12 07:29:18,2024-10-12 07:40:18,CUST001922,DRV00012,ROUTE00011,VEH00012,SO0003,,35.48,35.48,0.0,1003.75,1,1,11.0,False,False,True,True,True,True,False,Completed
DEL000000141,ORD000000141,SHP000000141,2026-03-15,2026-03-16 11:33:39,,CUST002450,DRV00157,ROUTE00157,VEH00160,SO0040,DRIVER_DELAY,24.12,0.0,24.12,0.0,1,0,,False,False,False,False,False,False,True,Missed
DEL000000142,ORD000000142,SHP000000142,2025-02-17,2025-02-18 07:08:03,2025-02-18 06:58:03,CUST000795,DRV00012,ROUTE00009,VEH00012,SO0003,,37.29,37.29,0.0,596.73,1,1,-10.0,False,False,True,True,True,True,False,Completed
DEL000000143,ORD000000143,SHP000000143,2024-11-01,2024-11-02 08:10:30,2024-11-02 07:22:30,CUST002270,DRV00133,ROUTE00134,VEH00135,SO0034,,84.01,84.01,0.0,1455.57,1,1,-48.0,False,False,True,True,True,True,False,Completed
DEL000000144,ORD000000144,SHP000000144,2024-07-06,2024-07-07 17:43:39,2024-07-07 17:37:39,CUST000943,DRV00115,ROUTE00115,VEH00116,SO0029,,34.31,34.31,0.0,694.75,1,1,-6.0,False,False,True,True,True,True,False,Completed
DEL000000145,ORD000000145,SHP000000145,2025-02-22,2025-02-23 10:33:37,2025-02-23 10:48:37,CUST001486,DRV00043,ROUTE00041,VEH00042,SO0011,,66.81,66.81,0.0,1592.39,1,1,15.0,False,False,True,True,True,True,False,Completed
DEL000000146,ORD000000146,SHP000000146,2024-10-16,2024-10-17 08:37:15,2024-10-17 07:45:15,CUST002252,DRV00120,ROUTE00117,VEH00117,SO0030,,162.13,119.97,42.16,2213.05,1,1,-52.0,False,False,True,False,False,True,False,Completed
DEL000000147,ORD000000147,SHP000000147,2024-04-21,2024-04-22 17:03:49,2024-04-22 16:18:49,CUST002018,DRV00046,ROUTE00048,VEH00048,SO0012,,61.42,61.42,0.0,1497.16,1,1,-45.0,False,False,True,True,True,True,False,Completed
DEL000000148,ORD000000148,SHP000000148,2024-09-30,2024-10-01 20:16:05,2024-10-01 19:34:05,CUST001413,DRV00081,ROUTE00082,VEH00084,SO0021,,74.17,74.17,0.0,1960.18,1,1,-42.0,False,False,True,True,True,True,False,Completed
DEL000000149,ORD000000149,SHP000000149,2025-10-18,2025-10-19 18:48:14,2025-10-19 18:24:14,CUST000690,DRV00152,ROUTE00149,VEH00151,SO0038,,27.84,27.84,0.0,453.42,1,1,-24.0,False,False,True,True,True,True,False,Completed
DEL000000150,ORD000000150,SHP000000150,2024-08-04,2024-08-05 23:37:25,2024-08-05 23:39:25,CUST001970,DRV00082,ROUTE00081,VEH00081,SO0021,,81.81,81.81,0.0,2339.52,1,1,2.0,False,True,True,True,True,True,False,Completed
DEL000000151,ORD000000151,SHP000000151,2024-04-13,2024-04-14 23:23:16,2024-04-14 22:30:16,CUST002350,DRV00032,ROUTE00031,VEH00029,SO0008,,98.33,98.33,0.0,2528.02,1,1,-53.0,False,False,True,True,True,True,False,Completed
DEL000000152,ORD000000152,SHP000000152,2026-05-12,2026-05-13 20:59:49,2026-05-13 21:14:49,CUST001435,DRV00134,ROUTE00136,VEH00136,SO0034,,103.11,103.11,0.0,2342.08,1,1,15.0,False,False,True,True,True,True,False,Completed
DEL000000153,ORD000000153,SHP000000153,2026-03-18,2026-03-19 05:05:46,2026-03-19 05:09:46,CUST002472,DRV00010,ROUTE00011,VEH00010,SO0003,,68.55,68.55,0.0,1550.2,1,1,4.0,False,False,True,True,True,True,False,Completed
DEL000000154,ORD000000154,SHP000000154,2025-06-12,2025-06-13 02:14:17,2025-06-13 01:25:17,CUST000485,DRV00042,ROUTE00041,VEH00044,SO0011,,49.52,49.52,0.0,1112.62,1,1,-49.0,False,False,True,True,True,True,False,Completed
DEL000000155,ORD000000155,SHP000000155,2026-01-28,2026-01-29 12:10:20,2026-01-29 13:36:20,CUST001173,DRV00080,ROUTE00079,VEH00078,SO0020,,59.14,59.14,0.0,1315.98,1,1,86.0,False,False,False,True,False,False,False,Completed
DEL000000156,ORD000000156,SHP000000156,2024-05-10,2024-05-11 21:42:43,2024-05-11 22:42:43,CUST000425,DRV00030,ROUTE00029,VEH00031,SO0008,,110.39,110.39,0.0,2815.52,1,1,60.0,True,False,False,True,False,False,False,Completed
DEL000000157,ORD000000157,SHP000000157,2025-05-06,2025-05-07 21:52:11,2025-05-07 20:59:11,CUST001759,DRV00004,ROUTE00004,VEH00001,SO0001,,37.6,37.6,0.0,965.32,1,1,-53.0,False,False,True,True,True,True,False,Completed
DEL000000158,ORD000000158,SHP000000158,2024-01-31,2024-02-01 07:05:25,2024-02-01 08:05:25,CUST001497,DRV00154,ROUTE00154,VEH00156,SO0039,,59.72,59.72,0.0,880.0,1,1,60.0,False,False,False,True,False,False,False,Completed
DEL000000159,ORD000000159,SHP000000159,2025-03-25,2025-03-26 23:37:20,2025-03-27 01:25:20,CUST001108,DRV00120,ROUTE00117,VEH00117,SO0030,,72.83,72.83,0.0,2033.75,1,1,108.0,False,False,False,True,False,False,False,Completed
DEL000000160,ORD000000160,SHP000000160,2024-07-26,2024-07-27 16:47:19,2024-07-27 16:56:19,CUST001979,DRV00063,ROUTE00062,VEH00061,SO0016,,33.57,26.0,7.57,735.69,1,1,9.0,False,False,True,False,False,True,False,Completed
DEL000000161,ORD000000161,SHP000000161,2025-12-26,2025-12-27 00:48:52,2025-12-27 00:52:52,CUST000502,DRV00045,ROUTE00047,VEH00045,SO0012,,108.11,108.11,0.0,2873.3,1,1,4.0,False,False,True,True,True,True,False,Completed
DEL000000162,ORD000000162,SHP000000162,2025-02-17,2025-02-18 12:37:21,2025-02-18 12:43:21,CUST000083,DRV00039,ROUTE00039,VEH00037,SO0010,,87.86,87.86,0.0,1587.34,1,1,6.0,False,False,True,True,True,True,False,Completed
DEL000000163,ORD000000163,SHP000000163,2025-08-20,2025-08-21 06:16:27,2025-08-21 05:25:27,CUST000155,DRV00016,ROUTE00014,VEH00014,SO0004,,91.22,91.22,0.0,1581.52,1,1,-51.0,False,False,True,True,True,True,False,Completed
DEL000000164,ORD000000164,SHP000000164,2025-04-24,2025-04-25 22:42:39,2025-04-25 23:27:39,CUST000792,DRV00174,ROUTE00176,VEH00175,SO0044,,56.17,56.17,0.0,909.19,1,1,45.0,False,False,False,True,False,False,False,Completed
DEL000000165,ORD000000165,SHP000000165,2024-07-24,2024-07-25 14:23:51,2024-07-25 15:19:51,CUST000249,DRV00011,ROUTE00011,VEH00011,SO0003,,70.27,70.27,0.0,1911.2,1,1,56.0,False,False,False,True,False,False,False,Completed
DEL000000166,ORD000000166,SHP000000166,2026-02-23,2026-02-24 10:03:06,2026-02-24 09:21:06,CUST002479,DRV00097,ROUTE00100,VEH00097,SO0025,,64.66,64.66,0.0,1779.61,1,1,-42.0,False,False,True,True,True,True,False,Completed
DEL000000167,ORD000000167,SHP000000167,2024-07-02,2024-07-03 16:29:00,2024-07-03 15:37:00,CUST001220,DRV00074,ROUTE00073,VEH00075,SO0019,,66.07,66.07,0.0,1235.7,1,1,-52.0,False,False,True,True,True,True,False,Completed
DEL000000168,ORD000000168,SHP000000168,2025-03-29,2025-03-30 23:12:50,2025-03-30 22:19:50,CUST001886,DRV00088,ROUTE00086,VEH00086,SO0022,,138.01,138.01,0.0,3780.37,1,1,-53.0,False,False,True,True,True,True,False,Completed
DEL000000169,ORD000000169,SHP000000169,2025-06-21,2025-06-22 15:27:52,2025-06-22 15:01:52,CUST000301,DRV00157,ROUTE00157,VEH00160,SO0040,,140.6,140.6,0.0,3201.55,1,1,-26.0,False,False,True,True,True,True,False,Completed
DEL000000170,ORD000000170,SHP000000170,2024-05-11,2024-05-12 23:38:01,2024-05-12 23:38:01,CUST001839,DRV00187,ROUTE00188,VEH00187,SO0047,,241.87,241.87,0.0,6162.0,1,1,0.0,False,False,True,True,True,True,False,Completed
DEL000000171,ORD000000171,SHP000000171,2025-08-14,2025-08-15 16:21:46,2025-08-15 16:14:46,CUST002036,DRV00067,ROUTE00066,VEH00068,SO0017,,43.13,43.13,0.0,1208.22,1,1,-7.0,False,False,True,True,True,True,False,Completed
DEL000000172,ORD000000172,SHP000000172,2024-01-01,2024-01-02 15:34:26,2024-01-02 15:12:26,CUST002270,DRV00136,ROUTE00136,VEH00134,SO0034,,151.82,151.82,0.0,4286.56,1,1,-22.0,False,False,True,True,True,True,False,Completed
DEL000000173,ORD000000173,SHP000000173,2025-02-19,2025-02-20 05:38:04,2025-02-20 04:45:04,CUST000722,DRV00159,ROUTE00158,VEH00157,SO0040,,78.36,78.36,0.0,1969.61,1,1,-53.0,False,False,True,True,True,True,False,Completed
DEL000000174,ORD000000174,SHP000000174,2024-05-23,2024-05-24 18:41:30,2024-05-24 18:56:30,CUST000074,DRV00032,ROUTE00029,VEH00030,SO0008,,90.08,90.08,0.0,2082.39,1,1,15.0,False,False,True,True,True,True,False,Completed
DEL000000175,ORD000000175,SHP000000175,2024-03-14,2024-03-15 00:55:11,2024-03-15 00:58:11,CUST001168,DRV00160,ROUTE00157,VEH00159,SO0040,,67.25,67.25,0.0,1071.74,1,1,3.0,False,False,True,True,True,True,False,Completed
DEL000000176,ORD000000176,SHP000000176,2025-05-28,2025-05-29 13:21:07,2025-05-29 12:39:07,CUST001664,DRV00090,ROUTE00089,VEH00090,SO0023,,64.89,64.89,0.0,1054.14,1,1,-42.0,False,False,True,True,True,True,False,Completed
DEL000000177,ORD000000177,SHP000000177,2026-05-05,2026-05-06 03:58:31,2026-05-06 03:44:31,CUST000588,DRV00179,ROUTE00177,VEH00179,SO0045,,81.16,81.16,0.0,1586.07,1,1,-14.0,False,False,True,True,True,True,False,Completed
DEL000000178,ORD000000178,SHP000000178,2025-10-31,2025-11-01 21:35:00,2025-11-01 22:01:00,CUST001547,DRV00079,ROUTE00077,VEH00077,SO0020,,66.22,66.22,0.0,1075.44,1,1,26.0,False,False,False,True,False,True,False,Completed
DEL000000179,ORD000000179,SHP000000179,2024-04-21,2024-04-22 03:29:33,2024-04-22 03:30:33,CUST000981,DRV00175,ROUTE00176,VEH00173,SO0044,,119.34,119.34,0.0,1731.95,1,1,1.0,False,False,True,True,True,True,False,Completed
DEL000000180,ORD000000180,SHP000000180,2024-06-24,2024-06-25 17:16:59,2024-06-25 17:03:59,CUST000804,DRV00047,ROUTE00047,VEH00048,SO0012,,133.42,133.42,0.0,3643.43,1,1,-13.0,False,False,True,True,True,True,False,Completed
DEL000000181,ORD000000181,SHP000000181,2024-08-07,2024-08-08 18:37:21,2024-08-08 18:03:21,CUST000284,DRV00122,ROUTE00124,VEH00122,SO0031,,37.11,37.11,0.0,840.96,1,1,-34.0,False,False,True,True,True,True,False,Completed
DEL000000182,ORD000000182,SHP000000182,2025-04-14,2025-04-15 11:46:58,2025-04-15 11:30:58,CUST001499,DRV00163,ROUTE00164,VEH00164,SO0041,,71.85,71.85,0.0,1196.54,1,1,-16.0,False,False,True,True,True,True,False,Completed
DEL000000183,ORD000000183,SHP000000183,2026-03-30,2026-03-31 01:59:20,2026-03-31 01:51:20,CUST000192,DRV00191,ROUTE00191,VEH00189,SO0048,,51.83,51.83,0.0,809.56,1,1,-8.0,False,False,True,True,True,True,False,Completed
DEL000000184,ORD000000184,SHP000000184,2025-10-05,2025-10-06 20:31:44,2025-10-06 19:36:44,CUST002182,DRV00055,ROUTE00055,VEH00053,SO0014,,25.04,19.99,5.05,281.21,1,1,-55.0,False,False,True,False,False,True,False,Completed
DEL000000185,ORD000000185,SHP000000185,2026-02-10,2026-02-11 17:23:18,2026-02-11 17:15:18,CUST000834,DRV00037,ROUTE00039,VEH00040,SO0010,,65.02,65.02,0.0,1613.22,1,1,-8.0,False,False,True,True,True,True,False,Completed
DEL000000186,ORD000000186,SHP000000186,2025-01-11,2025-01-12 10:35:54,2025-01-12 10:48:54,CUST001727,DRV00162,ROUTE00164,VEH00162,SO0041,,62.37,62.37,0.0,1008.94,1,1,13.0,False,False,True,True,True,True,False,Completed
DEL000000187,ORD000000187,SHP000000187,2024-01-30,2024-01-31 06:59:21,,CUST000330,DRV00155,ROUTE00155,VEH00153,SO0039,WEATHER,62.82,0.0,62.82,0.0,1,0,,False,False,False,False,False,False,True,Missed
DEL000000188,ORD000000188,SHP000000188,2024-12-26,2024-12-27 12:09:59,2024-12-27 14:27:59,CUST000224,DRV00108,ROUTE00106,VEH00107,SO0027,,139.59,139.59,0.0,3338.33,1,1,138.0,False,False,False,True,False,False,False,Completed
DEL000000189,ORD000000189,SHP000000189,2026-02-18,2026-02-19 01:18:35,2026-02-19 01:37:35,CUST002342,DRV00115,ROUTE00114,VEH00115,SO0029,,87.85,87.85,0.0,2539.36,1,1,19.0,False,False,False,True,False,True,False,Completed
DEL000000190,ORD000000190,SHP000000190,2025-04-07,2025-04-08 16:08:41,2025-04-08 15:22:41,CUST000447,DRV00047,ROUTE00045,VEH00046,SO0012,,57.92,57.92,0.0,1560.16,1,1,-46.0,False,False,True,True,True,True,False,Completed
DEL000000191,ORD000000191,SHP000000191,2025-11-17,2025-11-18 02:34:36,2025-11-18 02:13:36,CUST001242,DRV00021,ROUTE00024,VEH00022,SO0006,,62.37,62.37,0.0,1036.82,1,1,-21.0,False,False,True,True,True,True,False,Completed
DEL000000192,ORD000000192,SHP000000192,2025-01-01,2025-01-02 22:47:39,2025-01-02 21:47:39,CUST001206,DRV00052,ROUTE00051,VEH00051,SO0013,,93.68,93.68,0.0,2517.27,1,1,-60.0,False,False,True,True,True,True,False,Completed
DEL000000193,ORD000000193,SHP000000193,2025-11-06,2025-11-07 21:11:40,2025-11-07 21:26:40,CUST000453,DRV00038,ROUTE00038,VEH00037,SO0010,,135.8,135.8,0.0,3603.57,1,1,15.0,False,False,True,True,True,True,False,Completed
DEL000000194,ORD000000194,SHP000000194,2024-02-18,2024-02-19 18:10:59,2024-02-19 17:44:59,CUST000857,DRV00117,ROUTE00117,VEH00119,SO0030,,64.02,64.02,0.0,1793.12,1,1,-26.0,False,False,True,True,True,True,False,Completed
DEL000000195,ORD000000195,SHP000000195,2025-05-23,2025-05-24 17:56:34,2025-05-24 17:34:34,CUST002112,DRV00009,ROUTE00011,VEH00012,SO0003,,40.58,40.58,0.0,881.33,1,1,-22.0,False,False,True,True,True,True,False,Completed
DEL000000196,ORD000000196,SHP000000196,2025-09-07,2025-09-08 15:49:36,2025-09-08 15:37:36,CUST000283,DRV00011,ROUTE00009,VEH00011,SO0003,,153.2,153.2,0.0,2566.62,1,1,-12.0,False,True,True,True,True,True,False,Completed
DEL000000197,ORD000000197,SHP000000197,2026-02-16,2026-02-17 13:22:31,,CUST000580,DRV00163,ROUTE00162,VEH00162,SO0041,WEATHER,75.12,0.0,75.12,0.0,1,0,,False,False,False,False,False,False,True,Missed
DEL000000198,ORD000000198,SHP000000198,2024-12-02,2024-12-03 10:31:05,2024-12-03 10:30:05,CUST001345,DRV00071,ROUTE00072,VEH00069,SO0018,,81.1,81.1,0.0,1177.21,1,1,-1.0,False,False,True,True,True,True,False,Completed
DEL000000199,ORD000000199,SHP000000199,2024-02-24,2024-02-25 03:01:08,2024-02-25 02:02:08,CUST000392,DRV00070,ROUTE00071,VEH00069,SO0018,,130.45,130.45,0.0,2739.93,1,1,-59.0,False,False,True,True,True,True,False,Completed
DEL000000200,ORD000000200,SHP000000200,2025-10-18,2025-10-19 10:26:21,2025-10-19 09:43:21,CUST002323,DRV00001,ROUTE00002,VEH00003,SO0001,,174.16,174.16,0.0,3361.78,1,1,-43.0,False,False,True,True,True,True,False,Completed
DEL000000201,ORD000000201,SHP000000201,2024-08-29,2024-08-30 04:57:46,2024-08-30 04:14:46,CUST000746,DRV00143,ROUTE00142,VEH00143,SO0036,,85.53,85.53,0.0,1434.69,1,1,-43.0,False,False,True,True,True,True,False,Completed
DEL000000202,ORD000000202,SHP000000202,2025-12-15,2025-12-16 21:58:15,2025-12-16 21:05:15,CUST000616,DRV00146,ROUTE00145,VEH00147,SO0037,,44.48,44.48,0.0,956.42,1,1,-53.0,False,False,True,True,True,True,False,Completed
DEL000000203,ORD000000203,SHP000000203,2026-07-22,2026-07-23 13:03:49,2026-07-23 13:09:49,CUST001062,DRV00160,ROUTE00157,VEH00158,SO0040,,169.62,144.08,25.54,2925.48,1,1,6.0,False,False,True,False,False,True,False,Completed
DEL000000204,ORD000000204,SHP000000204,2026-06-08,2026-06-09 10:29:20,2026-06-09 09:58:20,CUST001482,DRV00005,ROUTE00005,VEH00008,SO0002,,68.39,68.39,0.0,1807.45,1,1,-31.0,False,False,True,True,True,True,False,Completed
DEL000000205,ORD000000205,SHP000000205,2024-07-22,2024-07-23 06:01:05,2024-07-23 05:15:05,CUST000154,DRV00016,ROUTE00016,VEH00014,SO0004,,51.88,51.88,0.0,892.97,1,1,-46.0,False,False,True,True,True,True,False,Completed
DEL000000206,ORD000000206,SHP000000206,2026-02-17,2026-02-18 12:56:33,2026-02-18 12:40:33,CUST001753,DRV00184,ROUTE00183,VEH00183,SO0046,,126.58,126.58,0.0,3049.27,1,1,-16.0,False,False,True,True,True,True,False,Completed
DEL000000207,ORD000000207,SHP000000207,2025-03-04,2025-03-05 15:53:07,2025-03-05 15:42:07,CUST000747,DRV00085,ROUTE00088,VEH00086,SO0022,,17.81,17.81,0.0,332.9,1,1,-11.0,False,False,True,True,True,True,False,Completed
DEL000000208,ORD000000208,SHP000000208,2026-06-30,2026-07-01 11:38:33,2026-07-01 11:53:33,CUST002117,DRV00024,ROUTE00021,VEH00024,SO0006,,69.3,69.3,0.0,1761.82,1,1,15.0,False,False,True,True,True,True,False,Completed
DEL000000209,ORD000000209,SHP000000209,2025-06-12,2025-06-13 12:49:39,2025-06-13 13:07:39,CUST002205,DRV00080,ROUTE00080,VEH00078,SO0020,,53.26,53.26,0.0,1462.57,1,1,18.0,False,False,False,True,False,True,False,Completed
DEL000000210,ORD000000210,SHP000000210,2024-06-06,2024-06-07 08:12:26,2024-06-07 07:39:26,CUST000414,DRV00059,ROUTE00059,VEH00060,SO0015,,96.51,96.51,0.0,1969.33,1,1,-33.0,False,False,True,True,True,True,False,Completed
DEL000000211,ORD000000211,SHP000000211,2026-07-18,2026-07-19 23:09:54,2026-07-19 23:08:54,CUST002434,DRV00047,ROUTE00047,VEH00048,SO0012,,86.8,86.8,0.0,2487.12,1,1,-1.0,False,False,True,True,True,True,False,Completed
DEL000000212,ORD000000212,SHP000000212,2024-01-26,2024-01-27 12:27:45,,CUST000288,DRV00125,ROUTE00128,VEH00125,SO0032,VEHICLE_BREAKDOWN,116.18,0.0,116.18,0.0,1,0,,False,False,False,False,False,False,True,Missed
DEL000000213,ORD000000213,SHP000000213,2024-10-18,2024-10-19 11:14:29,2024-10-19 10:39:29,CUST001609,DRV00122,ROUTE00123,VEH00123,SO0031,,46.32,46.32,0.0,826.9,1,1,-35.0,False,True,True,True,True,True,False,Completed
DEL000000214,ORD000000214,SHP000000214,2025-09-08,2025-09-09 12:49:02,2025-09-09 12:24:02,CUST001702,DRV00154,ROUTE00153,VEH00156,SO0039,,34.68,34.68,0.0,808.14,1,1,-25.0,False,False,True,True,True,True,False,Completed
DEL000000215,ORD000000215,SHP000000215,2026-04-21,2026-04-22 14:57:05,2026-04-22 14:54:05,CUST002317,DRV00181,ROUTE00183,VEH00181,SO0046,,100.24,100.24,0.0,2573.19,1,1,-3.0,False,True,True,True,True,True,False,Completed
DEL000000216,ORD000000216,SHP000000216,2025-06-23,2025-06-24 20:57:28,2025-06-24 20:43:28,CUST001688,DRV00080,ROUTE00080,VEH00080,SO0020,,56.15,56.15,0.0,1441.62,1,1,-14.0,False,True,True,True,True,True,False,Completed
DEL000000217,ORD000000217,SHP000000217,2024-02-07,2024-02-08 20:09:41,2024-02-08 20:23:41,CUST001531,DRV00062,ROUTE00062,VEH00064,SO0016,,35.99,35.99,0.0,747.38,1,1,14.0,False,False,True,True,True,True,False,Completed
DEL000000218,ORD000000218,SHP000000218,2024-03-02,2024-03-03 21:22:38,2024-03-03 21:31:38,CUST000227,DRV00099,ROUTE00098,VEH00100,SO0025,,97.86,97.86,0.0,1540.0,1,1,9.0,False,True,True,True,True,True,False,Completed
DEL000000219,ORD000000219,SHP000000219,2026-03-27,2026-03-28 03:20:08,2026-03-28 03:07:08,CUST002337,DRV00111,ROUTE00110,VEH00110,SO0028,,60.95,60.95,0.0,1514.75,1,1,-13.0,False,False,True,True,True,True,False,Completed
DEL000000220,ORD000000220,SHP000000220,2026-02-18,2026-02-19 20:38:14,2026-02-19 19:51:14,CUST001830,DRV00169,ROUTE00172,VEH00169,SO0043,,48.78,48.78,0.0,989.53,1,1,-47.0,False,False,True,True,True,True,False,Completed
DEL000000221,ORD000000221,SHP000000221,2025-06-07,2025-06-08 14:44:49,,CUST002221,DRV00152,ROUTE00151,VEH00149,SO0038,DRIVER_DELAY,144.3,0.0,144.3,0.0,1,0,,False,False,False,False,False,False,True,Missed
DEL000000222,ORD000000222,SHP000000222,2024-10-20,2024-10-21 23:36:30,,CUST001246,DRV00048,ROUTE00045,VEH00045,SO0012,CUSTOMER_REFUSED,53.92,0.0,53.92,0.0,1,0,,False,False,False,False,False,False,True,Missed
DEL000000223,ORD000000223,SHP000000223,2024-10-10,2024-10-11 06:16:38,2024-10-11 05:42:38,CUST001554,DRV00081,ROUTE00081,VEH00082,SO0021,,58.6,58.6,0.0,1399.67,1,1,-34.0,False,True,True,True,True,True,False,Completed
DEL000000224,ORD000000224,SHP000000224,2025-02-28,2025-03-01 03:53:03,2025-03-01 03:48:03,CUST001572,DRV00033,ROUTE00034,VEH00034,SO0009,,54.87,54.87,0.0,855.36,1,1,-5.0,False,False,True,True,True,True,False,Completed
DEL000000225,ORD000000225,SHP000000225,2026-01-16,2026-01-17 23:45:15,2026-01-17 22:59:15,CUST001388,DRV00115,ROUTE00116,VEH00116,SO0029,,65.54,65.54,0.0,991.37,1,1,-46.0,False,False,True,True,True,True,False,Completed
DEL000000226,ORD000000226,SHP000000226,2025-03-14,2025-03-15 16:22:45,2025-03-15 16:32:45,CUST000835,DRV00051,ROUTE00051,VEH00051,SO0013,,30.04,30.04,0.0,543.6,1,1,10.0,False,False,True,True,True,True,False,Completed
DEL000000227,ORD000000227,SHP000000227,2026-01-26,2026-01-27 21:58:08,2026-01-27 21:18:08,CUST001341,DRV00109,ROUTE00109,VEH00112,SO0028,,40.32,40.32,0.0,1163.5,1,1,-40.0,False,False,True,True,True,True,False,Completed
DEL000000228,ORD000000228,SHP000000228,2025-05-20,2025-05-21 00:47:06,2025-05-21 00:03:06,CUST000721,DRV00033,ROUTE00035,VEH00033,SO0009,,82.03,82.03,0.0,1684.56,1,1,-44.0,False,False,True,True,True,True,False,Completed
DEL000000229,ORD000000229,SHP000000229,2024-06-16,2024-06-17 00:17:20,2024-06-17 00:22:20,CUST002462,DRV00003,ROUTE00001,VEH00003,SO0001,,133.22,133.22,0.0,3421.0,1,1,5.0,False,False,True,True,True,True,False,Completed
DEL000000230,ORD000000230,SHP000000230,2024-10-10,2024-10-11 07:31:57,2024-10-11 06:34:57,CUST000765,DRV00008,ROUTE00008,VEH00007,SO0002,,108.43,108.43,0.0,1618.98,1,1,-57.0,False,False,True,True,True,True,False,Completed
DEL000000231,ORD000000231,SHP000000231,2026-06-11,2026-06-12 23:29:58,2026-06-12 23:30:58,CUST001309,DRV00184,ROUTE00184,VEH00184,SO0046,,103.61,103.61,0.0,2357.84,1,1,1.0,False,False,True,True,True,True,False,Completed
DEL000000232,ORD000000232,SHP000000232,2025-06-19,2025-06-20 13:33:39,2025-06-20 12:54:39,CUST000581,DRV00138,ROUTE00140,VEH00138,SO0035,,161.92,161.92,0.0,4058.24,1,1,-39.0,False,False,True,True,True,True,False,Completed
DEL000000233,ORD000000233,SHP000000233,2025-09-29,2025-09-30 21:05:37,2025-09-30 20:24:37,CUST002000,DRV00052,ROUTE00051,VEH00052,SO0013,,54.65,40.19,14.46,952.75,1,1,-41.0,False,False,True,False,False,True,False,Completed
DEL000000234,ORD000000234,SHP000000234,2025-02-23,2025-02-24 17:11:21,2025-02-24 17:21:21,CUST000844,DRV00038,ROUTE00038,VEH00037,SO0010,,78.16,78.16,0.0,1501.13,1,1,10.0,False,False,True,True,True,True,False,Completed
DEL000000235,ORD000000235,SHP000000235,2024-05-18,2024-05-19 21:28:47,2024-05-19 21:07:47,CUST001719,DRV00017,ROUTE00018,VEH00020,SO0005,,80.45,80.45,0.0,1648.07,1,1,-21.0,False,False,True,True,True,True,False,Completed
DEL000000236,ORD000000236,SHP000000236,2026-02-14,2026-02-15 06:22:46,2026-02-15 06:09:46,CUST000785,DRV00170,ROUTE00169,VEH00170,SO0043,,79.26,79.26,0.0,1261.18,1,1,-13.0,False,False,True,True,True,True,False,Completed
DEL000000237,ORD000000237,SHP000000237,2024-10-15,2024-10-16 23:23:11,2024-10-16 22:55:11,CUST001238,DRV00168,ROUTE00168,VEH00166,SO0042,,57.35,57.35,0.0,1241.86,1,1,-28.0,False,False,True,True,True,True,False,Completed
DEL000000238,ORD000000238,SHP000000238,2024-12-12,2024-12-13 13:34:24,2024-12-13 16:29:24,CUST001253,DRV00120,ROUTE00120,VEH00120,SO0030,,52.31,52.31,0.0,1157.15,1,1,175.0,False,False,False,True,False,False,False,Completed
DEL000000239,ORD000000239,SHP000000239,2025-06-24,2025-06-25 05:00:54,2025-06-25 04:09:54,CUST000832,DRV00090,ROUTE00092,VEH00089,SO0023,,63.01,63.01,0.0,952.68,1,1,-51.0,False,False,True,True,True,True,False,Completed
DEL000000240,ORD000000240,SHP000000240,2025-07-24,2025-07-25 05:28:54,2025-07-25 04:33:54,CUST001564,DRV00146,ROUTE00147,VEH00148,SO0037,,111.28,111.28,0.0,1739.35,1,1,-55.0,False,False,True,True,True,True,False,Completed
DEL000000241,ORD000000241,SHP000000241,2026-04-29,2026-04-30 21:14:20,2026-04-30 21:53:20,CUST001804,DRV00139,ROUTE00137,VEH00137,SO0035,,143.11,143.11,0.0,2602.41,1,1,39.0,False,False,False,True,False,False,False,Completed
DEL000000242,ORD000000242,SHP000000242,2026-07-15,2026-07-16 21:19:46,2026-07-16 21:24:46,CUST001560,DRV00147,ROUTE00145,VEH00148,SO0037,,82.83,82.83,0.0,2218.96,1,1,5.0,False,False,True,True,True,True,False,Completed
DEL000000243,ORD000000243,SHP000000243,2024-04-20,2024-04-21 21:05:31,2024-04-21 20:27:31,CUST000293,DRV00178,ROUTE00179,VEH00180,SO0045,,34.37,34.37,0.0,555.1,1,1,-38.0,False,False,True,True,True,True,False,Completed
DEL000000244,ORD000000244,SHP000000244,2025-09-21,2025-09-22 05:55:45,2025-09-22 06:41:45,CUST000503,DRV00133,ROUTE00134,VEH00136,SO0034,,70.2,70.2,0.0,1415.75,1,1,46.0,False,False,False,True,False,False,False,Completed
DEL000000245,ORD000000245,SHP000000245,2025-10-02,2025-10-03 18:54:42,2025-10-03 19:06:42,CUST002208,DRV00161,ROUTE00163,VEH00161,SO0041,,46.8,46.8,0.0,1333.22,1,1,12.0,False,False,True,True,True,True,False,Completed
DEL000000246,ORD000000246,SHP000000246,2025-09-12,2025-09-13 16:17:24,2025-09-13 15:57:24,CUST001944,DRV00085,ROUTE00088,VEH00088,SO0022,,34.55,30.55,4.0,641.7,1,1,-20.0,False,False,True,False,False,True,False,Completed
DEL000000247,ORD000000247,SHP000000247,2025-08-27,2025-08-28 21:30:03,2025-08-28 20:44:03,CUST001492,DRV00131,ROUTE00132,VEH00131,SO0033,,126.96,126.96,0.0,2157.5,1,1,-46.0,False,False,True,True,True,True,False,Completed
DEL000000248,ORD000000248,SHP000000248,2024-02-19,2024-02-20 00:28:16,2024-02-20 00:35:16,CUST000917,DRV00074,ROUTE00073,VEH00075,SO0019,,92.54,92.54,0.0,2261.47,1,1,7.0,False,False,True,True,True,True,False,Completed
DEL000000249,ORD000000249,SHP000000249,2026-05-16,2026-05-17 07:49:16,2026-05-17 08:59:16,CUST002066,DRV00187,ROUTE00185,VEH00188,SO0047,,62.39,62.39,0.0,1802.27,1,1,70.0,False,False,False,True,False,False,False,Completed
DEL000000250,ORD000000250,SHP000000250,2025-07-29,2025-07-30 04:17:55,2025-07-30 03:57:55,CUST000609,DRV00149,ROUTE00151,VEH00149,SO0038,,50.98,50.98,0.0,1434.78,1,1,-20.0,False,False,True,True,True,True,False,Completed
DEL000000251,ORD000000251,SHP000000251,2025-03-05,2025-03-06 23:10:41,2025-03-07 00:15:41,CUST001240,DRV00073,ROUTE00074,VEH00073,SO0019,,99.11,99.11,0.0,2486.25,1,1,65.0,False,False,False,True,False,False,False,Completed
DEL000000252,ORD000000252,SHP000000252,2026-03-16,2026-03-17 00:03:38,2026-03-17 00:00:38,CUST000504,DRV00070,ROUTE00071,VEH00071,SO0018,,63.42,63.42,0.0,1646.17,1,1,-3.0,False,False,True,True,True,True,False,Completed
DEL000000253,ORD000000253,SHP000000253,2025-12-17,2025-12-18 10:12:32,2025-12-18 09:56:32,CUST000023,DRV00065,ROUTE00066,VEH00066,SO0017,,63.33,63.33,0.0,1001.67,1,1,-16.0,False,False,True,True,True,True,False,Completed
DEL000000254,ORD000000254,SHP000000254,2026-06-17,2026-06-18 08:14:04,2026-06-18 07:56:04,CUST000794,DRV00171,ROUTE00170,VEH00171,SO0043,,26.25,26.25,0.0,613.62,1,1,-18.0,False,False,True,True,True,True,False,Completed
DEL000000255,ORD000000255,SHP000000255,2024-10-12,2024-10-13 22:34:25,2024-10-13 21:56:25,CUST000489,DRV00180,ROUTE00178,VEH00177,SO0045,,128.23,128.23,0.0,2431.7,1,1,-38.0,False,False,True,True,True,True,False,Completed
DEL000000256,ORD000000256,SHP000000256,2025-06-02,2025-06-03 01:46:12,2025-06-03 00:57:12,CUST000348,DRV00086,ROUTE00086,VEH00088,SO0022,,44.94,40.55,4.39,764.44,1,1,-49.0,False,False,True,False,False,True,False,Completed
DEL000000257,ORD000000257,SHP000000257,2024-11-02,2024-11-03 00:14:03,,CUST002125,DRV00108,ROUTE00106,VEH00108,SO0027,SCHOOL_ZONE,78.55,0.0,78.55,0.0,1,0,,False,False,False,False,False,False,True,Missed
DEL000000258,ORD000000258,SHP000000258,2024-11-08,2024-11-09 02:27:58,2024-11-09 01:39:58,CUST002182,DRV00055,ROUTE00053,VEH00055,SO0014,,130.05,130.05,0.0,2061.18,1,1,-48.0,False,False,True,True,True,True,False,Completed
DEL000000259,ORD000000259,SHP000000259,2024-01-16,2024-01-17 08:44:06,2024-01-17 08:42:06,CUST000191,DRV00030,ROUTE00032,VEH00032,SO0008,,51.54,51.54,0.0,1019.85,1,1,-2.0,False,False,True,True,True,True,False,Completed
DEL000000260,ORD000000260,SHP000000260,2024-06-26,2024-06-27 08:55:21,2024-06-27 08:44:21,CUST001162,DRV00124,ROUTE00122,VEH00124,SO0031,,62.4,62.4,0.0,1511.68,1,1,-11.0,False,False,True,True,True,True,False,Completed
DEL000000261,ORD000000261,SHP000000261,2025-09-18,2025-09-19 16:06:32,,CUST002171,DRV00176,ROUTE00176,VEH00175,SO0044,SCHOOL_ZONE,29.27,0.0,29.27,0.0,1,0,,False,False,False,False,False,False,True,Missed
DEL000000262,ORD000000262,SHP000000262,2025-12-04,2025-12-05 22:17:26,2025-12-05 21:19:26,CUST001532,DRV00133,ROUTE00135,VEH00136,SO0034,,109.47,109.47,0.0,2566.85,1,1,-58.0,False,False,True,True,True,True,False,Completed
DEL000000263,ORD000000263,SHP000000263,2025-08-19,2025-08-20 23:35:36,2025-08-20 23:33:36,CUST002098,DRV00099,ROUTE00097,VEH00097,SO0025,,204.42,204.42,0.0,4466.72,1,1,-2.0,False,False,True,True,True,True,False,Completed
DEL000000264,ORD000000264,SHP000000264,2024-06-07,2024-06-08 02:17:12,2024-06-08 01:46:12,CUST001992,DRV00139,ROUTE00140,VEH00139,SO0035,,64.43,64.43,0.0,1342.88,1,1,-31.0,False,False,True,True,True,True,False,Completed
DEL000000265,ORD000000265,SHP000000265,2025-02-04,2025-02-05 16:25:31,2025-02-05 15:26:31,CUST000980,DRV00087,ROUTE00085,VEH00087,SO0022,,85.32,85.32,0.0,1644.38,1,1,-59.0,False,False,True,True,True,True,False,Completed
DEL000000266,ORD000000266,SHP000000266,2025-09-15,2025-09-16 06:45:32,2025-09-16 06:42:32,CUST001710,DRV00168,ROUTE00168,VEH00166,SO0042,,113.9,113.9,0.0,1869.6,1,1,-3.0,False,False,True,True,True,True,False,Completed
DEL000000267,ORD000000267,SHP000000267,2024-12-13,2024-12-14 03:25:19,2024-12-14 03:03:19,CUST001824,DRV00186,ROUTE00187,VEH00186,SO0047,,32.7,30.58,2.12,496.61,1,1,-22.0,False,False,True,False,False,True,False,Completed
DEL000000268,ORD000000268,SHP000000268,2025-10-23,2025-10-24 23:55:26,2025-10-24 23:16:26,CUST001648,DRV00081,ROUTE00081,VEH00081,SO0021,,73.69,73.69,0.0,1464.63,1,1,-39.0,False,False,True,True,True,True,False,Completed
DEL000000269,ORD000000269,SHP000000269,2024-08-21,2024-08-22 18:49:46,2024-08-22 17:50:46,CUST001515,DRV00001,ROUTE00001,VEH00004,SO0001,,89.18,89.18,0.0,1296.66,1,1,-59.0,False,True,True,True,True,True,False,Completed
DEL000000270,ORD000000270,SHP000000270,2025-06-07,2025-06-08 11:32:23,2025-06-08 14:21:23,CUST000832,DRV00091,ROUTE00091,VEH00090,SO0023,,87.4,87.4,0.0,2491.11,1,1,169.0,False,False,False,True,False,False,False,Completed
DEL000000271,ORD000000271,SHP000000271,2025-10-14,2025-10-15 03:14:19,2025-10-15 02:16:19,CUST000047,DRV00009,ROUTE00009,VEH00010,SO0003,,74.06,74.06,0.0,1142.66,1,1,-58.0,False,False,True,True,True,True,False,Completed
DEL000000272,ORD000000272,SHP000000272,2026-05-07,2026-05-08 00:08:43,2026-05-08 00:18:43,CUST001996,DRV00153,ROUTE00153,VEH00153,SO0039,,62.94,48.13,14.81,1206.62,1,1,10.0,False,False,True,False,False,True,False,Completed
DEL000000273,ORD000000273,SHP000000273,2024-02-09,2024-02-10 04:46:35,2024-02-10 04:52:35,CUST000364,DRV00156,ROUTE00154,VEH00153,SO0039,,55.58,55.58,0.0,1287.48,1,1,6.0,False,False,True,True,True,True,False,Completed
DEL000000274,ORD000000274,SHP000000274,2024-04-15,2024-04-16 22:46:36,2024-04-16 22:09:36,CUST000422,DRV00179,ROUTE00179,VEH00180,SO0045,,110.96,110.96,0.0,2000.91,1,1,-37.0,False,False,True,True,True,True,False,Completed
DEL000000275,ORD000000275,SHP000000275,2024-08-18,2024-08-19 02:20:46,2024-08-19 01:41:46,CUST000149,DRV00172,ROUTE00171,VEH00172,SO0043,,156.88,156.88,0.0,4152.44,1,1,-39.0,False,False,True,True,True,True,False,Completed
DEL000000276,ORD000000276,SHP000000276,2025-04-23,2025-04-24 02:22:34,2025-04-24 01:50:34,CUST002455,DRV00179,ROUTE00179,VEH00178,SO0045,,106.62,106.62,0.0,2066.64,1,1,-32.0,False,False,True,True,True,True,False,Completed
DEL000000277,ORD000000277,SHP000000277,2026-02-18,2026-02-19 00:17:04,2026-02-19 00:01:04,CUST000546,DRV00017,ROUTE00020,VEH00020,SO0005,,101.78,101.78,0.0,1920.47,1,1,-16.0,False,False,True,True,True,True,False,Completed
DEL000000278,ORD000000278,SHP000000278,2024-06-10,2024-06-11 07:16:15,2024-06-11 06:16:15,CUST000279,DRV00087,ROUTE00087,VEH00086,SO0022,,113.74,113.74,0.0,2779.58,1,1,-60.0,False,False,True,True,True,True,False,Completed
DEL000000279,ORD000000279,SHP000000279,2025-06-20,2025-06-21 10:09:45,2025-06-21 09:25:45,CUST000273,DRV00116,ROUTE00114,VEH00116,SO0029,,82.79,82.79,0.0,1586.96,1,1,-44.0,False,False,True,True,True,True,False,Completed
DEL000000280,ORD000000280,SHP000000280,2024-06-09,2024-06-10 03:23:09,2024-06-10 03:04:09,CUST002334,DRV00048,ROUTE00045,VEH00046,SO0012,,81.53,81.53,0.0,1644.9,1,1,-19.0,False,False,True,True,True,True,False,Completed
DEL000000281,ORD000000281,SHP000000281,2025-04-23,2025-04-24 20:28:20,2025-04-24 19:55:20,CUST001450,DRV00138,ROUTE00137,VEH00140,SO0035,,46.17,43.61,2.56,653.88,1,1,-33.0,False,False,True,False,False,True,False,Completed
DEL000000282,ORD000000282,SHP000000282,2024-04-05,2024-04-06 19:10:14,2024-04-06 18:43:14,CUST001161,DRV00181,ROUTE00181,VEH00181,SO0046,,124.9,124.9,0.0,2711.45,1,1,-27.0,False,False,True,True,True,True,False,Completed
DEL000000283,ORD000000283,SHP000000283,2025-02-08,2025-02-09 07:33:53,2025-02-09 07:44:53,CUST001436,DRV00019,ROUTE00020,VEH00017,SO0005,,61.19,61.19,0.0,1556.63,1,1,11.0,False,False,True,True,True,True,False,Completed
DEL000000284,ORD000000284,SHP000000284,2025-06-04,2025-06-05 23:32:37,2025-06-05 23:31:37,CUST000600,DRV00125,ROUTE00125,VEH00128,SO0032,,68.34,68.34,0.0,1168.94,1,1,-1.0,False,False,True,True,True,True,False,Completed
DEL000000285,ORD000000285,SHP000000285,2025-12-25,2025-12-26 02:27:03,2025-12-26 05:03:03,CUST000392,DRV00071,ROUTE00072,VEH00069,SO0018,,41.38,41.38,0.0,1138.36,1,1,156.0,False,False,False,True,False,False,False,Completed
DEL000000286,ORD000000286,SHP000000286,2025-02-23,2025-02-24 12:15:15,2025-02-24 11:42:15,CUST002432,DRV00132,ROUTE00132,VEH00132,SO0033,,113.33,113.33,0.0,1935.58,1,1,-33.0,False,False,True,True,True,True,False,Completed
DEL000000287,ORD000000287,SHP000000287,2025-12-08,2025-12-09 21:30:31,2025-12-09 21:07:31,CUST002170,DRV00101,ROUTE00102,VEH00101,SO0026,,75.5,75.5,0.0,1985.57,1,1,-23.0,False,False,True,True,True,True,False,Completed
DEL000000288,ORD000000288,SHP000000288,2025-10-17,2025-10-18 19:11:41,2025-10-18 18:23:41,CUST002180,DRV00100,ROUTE00097,VEH00099,SO0025,,81.98,81.98,0.0,2265.32,1,1,-48.0,False,False,True,True,True,True,False,Completed
DEL000000289,ORD000000289,SHP000000289,2024-09-02,2024-09-03 08:01:13,2024-09-03 07:59:13,CUST002282,DRV00087,ROUTE00088,VEH00085,SO0022,,137.99,137.99,0.0,3666.94,1,1,-2.0,False,False,True,True,True,True,False,Completed
DEL000000290,ORD000000290,SHP000000290,2024-12-20,2024-12-21 19:26:25,,CUST001885,DRV00161,ROUTE00163,VEH00163,SO0041,TRAFFIC,62.01,0.0,62.01,0.0,1,0,,False,False,False,False,False,False,True,Missed
DEL000000291,ORD000000291,SHP000000291,2026-01-02,2026-01-03 16:34:44,2026-01-03 16:08:44,CUST002090,DRV00119,ROUTE00118,VEH00118,SO0030,,24.18,24.18,0.0,640.53,1,1,-26.0,False,True,True,True,True,True,False,Completed
DEL000000292,ORD000000292,SHP000000292,2025-01-24,2025-01-25 04:09:50,2025-01-25 04:15:50,CUST000096,DRV00144,ROUTE00142,VEH00143,SO0036,,57.69,57.69,0.0,1496.72,1,1,6.0,False,False,True,True,True,True,False,Completed
DEL000000293,ORD000000293,SHP000000293,2025-06-22,2025-06-23 18:55:26,2025-06-23 18:26:26,CUST001001,DRV00177,ROUTE00179,VEH00180,SO0045,,76.37,76.37,0.0,1503.8,1,1,-29.0,False,False,True,True,True,True,False,Completed
DEL000000294,ORD000000294,SHP000000294,2024-11-06,2024-11-07 13:52:49,2024-11-07 13:34:49,CUST001814,DRV00024,ROUTE00022,VEH00022,SO0006,,28.62,28.62,0.0,503.16,1,1,-18.0,False,False,True,True,True,True,False,Completed
DEL000000295,ORD000000295,SHP000000295,2026-04-12,2026-04-13 15:59:50,2026-04-13 15:35:50,CUST000662,DRV00009,ROUTE00010,VEH00012,SO0003,,34.89,34.89,0.0,921.85,1,1,-24.0,False,False,True,True,True,True,False,Completed
DEL000000296,ORD000000296,SHP000000296,2025-12-05,2025-12-06 20:00:25,2025-12-06 19:54:25,CUST000227,DRV00099,ROUTE00100,VEH00100,SO0025,,35.94,35.94,0.0,666.78,1,1,-6.0,False,False,True,True,True,True,False,Completed
DEL000000297,ORD000000297,SHP000000297,2024-12-22,2024-12-23 17:35:56,2024-12-23 20:08:56,CUST000011,DRV00007,ROUTE00005,VEH00007,SO0002,,48.0,48.0,0.0,748.21,1,1,153.0,False,False,False,True,False,False,False,Completed
DEL000000298,ORD000000298,SHP000000298,2024-12-27,2024-12-28 19:39:33,2024-12-28 18:50:33,CUST000100,DRV00188,ROUTE00185,VEH00186,SO0047,,121.98,121.98,0.0,2889.18,1,1,-49.0,False,False,True,True,True,True,False,Completed
DEL000000299,ORD000000299,SHP000000299,2025-06-10,2025-06-11 13:27:46,2025-06-11 13:23:46,CUST002133,DRV00168,ROUTE00166,VEH00166,SO0042,,46.47,46.47,0.0,898.18,1,1,-4.0,False,False,True,True,True,True,False,Completed
DEL000000300,ORD000000300,SHP000000300,2025-11-01,2025-11-02 15:36:25,2025-11-02 15:08:25,CUST000106,DRV00018,ROUTE00020,VEH00017,SO0005,,130.45,130.45,0.0,1841.87,1,1,-28.0,False,False,True,True,True,True,False,Completed
DEL000000301,ORD000000301,SHP000000301,2024-02-23,2024-02-24 12:54:19,2024-02-24 12:00:19,CUST002175,DRV00121,ROUTE00122,VEH00122,SO0031,,130.9,130.9,0.0,2580.16,1,1,-54.0,False,True,True,True,True,True,False,Completed
DEL000000302,ORD000000302,SHP000000302,2024-09-29,2024-09-30 12:20:47,2024-09-30 14:46:47,CUST000549,DRV00001,ROUTE00003,VEH00001,SO0001,,84.99,84.99,0.0,2290.08,1,1,146.0,False,False,False,True,False,False,False,Completed
DEL000000303,ORD000000303,SHP000000303,2024-06-08,2024-06-09 04:46:09,2024-06-09 04:10:09,CUST001598,DRV00118,ROUTE00117,VEH00117,SO0030,,70.93,70.93,0.0,1227.27,1,1,-36.0,False,False,True,True,True,True,False,Completed
DEL000000304,ORD000000304,SHP000000304,2024-04-14,2024-04-15 18:11:04,,CUST001681,DRV00030,ROUTE00029,VEH00030,SO0008,CUSTOMER_REFUSED,52.22,0.0,52.22,0.0,1,0,,False,False,False,False,False,False,True,Missed
DEL000000305,ORD000000305,SHP000000305,2025-01-14,2025-01-15 06:53:54,2025-01-15 06:18:54,CUST002382,DRV00088,ROUTE00087,VEH00085,SO0022,,50.65,50.65,0.0,1436.6,1,1,-35.0,False,False,True,True,True,True,False,Completed
DEL000000306,ORD000000306,SHP000000306,2026-04-29,2026-04-30 02:57:18,2026-04-30 02:32:18,CUST001616,DRV00174,ROUTE00175,VEH00174,SO0044,,148.9,148.9,0.0,3215.27,1,1,-25.0,False,False,True,True,True,True,False,Completed
DEL000000307,ORD000000307,SHP000000307,2026-07-06,2026-07-07 16:36:13,2026-07-07 15:46:13,CUST001858,DRV00010,ROUTE00011,VEH00009,SO0003,,103.94,103.94,0.0,2707.37,1,1,-50.0,False,False,True,True,True,True,False,Completed
DEL000000308,ORD000000308,SHP000000308,2024-12-10,2024-12-11 01:56:53,2024-12-11 04:23:53,CUST000791,DRV00030,ROUTE00032,VEH00030,SO0008,,67.93,67.93,0.0,1704.42,1,1,147.0,False,False,False,True,False,False,False,Completed
DEL000000309,ORD000000309,SHP000000309,2026-01-04,2026-01-05 16:48:29,2026-01-05 16:56:29,CUST000982,DRV00178,ROUTE00180,VEH00178,SO0045,,54.22,54.22,0.0,1372.89,1,1,8.0,False,False,True,True,True,True,False,Completed
DEL000000310,ORD000000310,SHP000000310,2024-04-05,2024-04-06 10:31:22,2024-04-06 10:12:22,CUST000165,DRV00150,ROUTE00149,VEH00152,SO0038,,49.0,49.0,0.0,1089.2,1,1,-19.0,False,False,True,True,True,True,False,Completed
DEL000000311,ORD000000311,SHP000000311,2025-06-08,2025-06-09 07:50:12,2025-06-09 07:21:12,CUST000036,DRV00044,ROUTE00041,VEH00041,SO0011,,56.98,56.98,0.0,930.76,1,1,-29.0,False,False,True,True,True,True,False,Completed
DEL000000312,ORD000000312,SHP000000312,2025-06-21,2025-06-22 15:47:54,2025-06-22 15:12:54,CUST000549,DRV00001,ROUTE00003,VEH00004,SO0001,,56.6,52.17,4.43,1338.83,1,1,-35.0,False,False,True,False,False,True,False,Completed
DEL000000313,ORD000000313,SHP000000313,2025-11-09,2025-11-10 08:21:10,2025-11-10 08:08:10,CUST002147,DRV00180,ROUTE00178,VEH00178,SO0045,,94.8,94.8,0.0,2581.76,1,1,-13.0,False,False,True,True,True,True,False,Completed
DEL000000314,ORD000000314,SHP000000314,2026-05-12,2026-05-13 07:20:52,2026-05-13 08:14:52,CUST002126,DRV00039,ROUTE00040,VEH00040,SO0010,,112.75,112.75,0.0,2031.68,1,1,54.0,False,False,False,True,False,False,False,Completed
DEL000000315,ORD000000315,SHP000000315,2026-01-17,2026-01-18 13:33:54,2026-01-18 13:47:54,CUST002172,DRV00062,ROUTE00061,VEH00062,SO0016,,51.84,51.84,0.0,1388.22,1,1,14.0,False,False,True,True,True,True,False,Completed
DEL000000316,ORD000000316,SHP000000316,2024-01-13,2024-01-14 00:57:19,2024-01-14 03:34:19,CUST001575,DRV00181,ROUTE00183,VEH00183,SO0046,,98.38,98.38,0.0,1699.71,1,1,157.0,False,False,False,True,False,False,False,Completed
DEL000000317,ORD000000317,SHP000000317,2025-12-30,2025-12-31 14:56:36,2025-12-31 14:45:36,CUST000013,DRV00106,ROUTE00106,VEH00105,SO0027,,64.47,64.47,0.0,957.33,1,1,-11.0,False,True,True,True,True,True,False,Completed
DEL000000318,ORD000000318,SHP000000318,2025-07-05,2025-07-06 00:59:29,2025-07-06 00:50:29,CUST000522,DRV00135,ROUTE00134,VEH00136,SO0034,,86.73,86.73,0.0,1799.13,1,1,-9.0,False,True,True,True,True,True,False,Completed
DEL000000319,ORD000000319,SHP000000319,2025-07-03,2025-07-04 15:02:48,2025-07-04 14:54:48,CUST001900,DRV00162,ROUTE00163,VEH00161,SO0041,,169.05,140.01,29.04,3244.1,1,1,-8.0,False,False,True,False,False,True,False,Completed
DEL000000320,ORD000000320,SHP000000320,2025-01-24,2025-01-25 06:39:08,2025-01-25 05:56:08,CUST000357,DRV00050,ROUTE00052,VEH00052,SO0013,,108.5,108.5,0.0,3006.55,1,1,-43.0,False,False,True,True,True,True,False,Completed
DEL000000321,ORD000000321,SHP000000321,2026-03-06,2026-03-07 08:44:23,2026-03-07 08:48:23,CUST000635,DRV00045,ROUTE00045,VEH00047,SO0012,,54.33,54.33,0.0,1109.49,1,1,4.0,False,False,True,True,True,True,False,Completed
DEL000000322,ORD000000322,SHP000000322,2026-06-15,2026-06-16 13:22:45,2026-06-16 12:56:45,CUST000816,DRV00076,ROUTE00075,VEH00075,SO0019,,138.46,138.46,0.0,2643.28,1,1,-26.0,False,False,True,True,True,True,False,Completed
DEL000000323,ORD000000323,SHP000000323,2024-07-10,2024-07-11 08:12:37,2024-07-11 07:40:37,CUST002474,DRV00160,ROUTE00157,VEH00157,SO0040,,71.1,71.1,0.0,1384.51,1,1,-32.0,False,False,True,True,True,True,False,Completed
DEL000000324,ORD000000324,SHP000000324,2026-01-04,2026-01-05 21:10:56,2026-01-05 20:17:56,CUST000192,DRV00190,ROUTE00190,VEH00189,SO0048,,93.05,93.05,0.0,1675.37,1,1,-53.0,False,False,True,True,True,True,False,Completed
DEL000000325,ORD000000325,SHP000000325,2024-07-25,2024-07-26 05:31:26,,CUST001968,DRV00125,ROUTE00125,VEH00126,SO0032,DRIVER_DELAY,95.39,0.0,95.39,0.0,1,0,,False,False,False,False,False,False,True,Missed
DEL000000326,ORD000000326,SHP000000326,2026-07-19,2026-07-20 03:46:25,2026-07-20 03:56:25,CUST002200,DRV00151,ROUTE00152,VEH00150,SO0038,,14.77,14.77,0.0,308.62,1,1,10.0,False,False,True,True,True,True,False,Completed
DEL000000327,ORD000000327,SHP000000327,2025-10-11,2025-10-12 03:36:42,2025-10-12 03:10:42,CUST002030,DRV00191,ROUTE00190,VEH00189,SO0048,,70.64,70.64,0.0,1025.04,1,1,-26.0,False,False,True,True,True,True,False,Completed
DEL000000328,ORD000000328,SHP000000328,2024-08-06,2024-08-07 14:25:21,2024-08-07 14:35:21,CUST000801,DRV00081,ROUTE00082,VEH00084,SO0021,,42.98,42.98,0.0,880.58,1,1,10.0,False,False,True,True,True,True,False,Completed
DEL000000329,ORD000000329,SHP000000329,2025-02-06,2025-02-07 04:45:38,2025-02-07 07:28:38,CUST001422,DRV00050,ROUTE00049,VEH00052,SO0013,,84.18,84.18,0.0,2126.66,1,1,163.0,False,True,False,True,False,False,False,Completed
DEL000000330,ORD000000330,SHP000000330,2026-07-09,2026-07-10 09:35:05,2026-07-10 09:14:05,CUST001987,DRV00149,ROUTE00152,VEH00150,SO0038,,84.8,84.8,0.0,1389.42,1,1,-21.0,False,False,True,True,True,True,False,Completed
DEL000000331,ORD000000331,SHP000000331,2026-06-26,2026-06-27 20:37:02,2026-06-27 19:37:02,CUST002400,DRV00056,ROUTE00054,VEH00056,SO0014,,84.05,84.05,0.0,2318.41,1,1,-60.0,False,False,True,True,True,True,False,Completed
DEL000000332,ORD000000332,SHP000000332,2026-04-04,2026-04-05 04:01:42,2026-04-05 03:41:42,CUST000637,DRV00096,ROUTE00094,VEH00095,SO0024,,71.71,71.71,0.0,1977.73,1,1,-20.0,False,False,True,True,True,True,False,Completed
DEL000000333,ORD000000333,SHP000000333,2025-02-12,2025-02-13 03:10:44,2025-02-13 03:23:44,CUST000423,DRV00071,ROUTE00070,VEH00069,SO0018,,32.39,32.39,0.0,651.37,1,1,13.0,False,False,True,True,True,True,False,Completed
DEL000000334,ORD000000334,SHP000000334,2024-02-15,2024-02-16 01:06:11,2024-02-16 00:51:11,CUST001570,DRV00177,ROUTE00179,VEH00178,SO0045,,32.9,32.9,0.0,784.91,1,1,-15.0,False,False,True,True,True,True,False,Completed
DEL000000335,ORD000000335,SHP000000335,2026-04-21,2026-04-22 07:43:22,2026-04-22 07:45:22,CUST001650,DRV00032,ROUTE00032,VEH00030,SO0008,,77.94,77.94,0.0,2122.11,1,1,2.0,False,False,True,True,True,True,False,Completed
DEL000000336,ORD000000336,SHP000000336,2026-04-25,2026-04-26 16:07:24,2026-04-26 15:17:24,CUST000776,DRV00087,ROUTE00086,VEH00086,SO0022,,105.53,105.53,0.0,1610.4,1,1,-50.0,False,False,True,True,True,True,False,Completed
DEL000000337,ORD000000337,SHP000000337,2024-01-01,2024-01-02 11:47:56,2024-01-02 11:01:56,CUST001716,DRV00146,ROUTE00145,VEH00148,SO0037,,28.16,28.16,0.0,792.17,1,1,-46.0,False,False,True,True,True,True,False,Completed
DEL000000338,ORD000000338,SHP000000338,2026-05-18,2026-05-19 17:47:53,2026-05-19 17:07:53,CUST001842,DRV00134,ROUTE00136,VEH00136,SO0034,,34.14,34.14,0.0,890.3,1,1,-40.0,False,False,True,True,True,True,False,Completed
DEL000000339,ORD000000339,SHP000000339,2025-10-20,2025-10-21 16:19:02,2025-10-21 16:27:02,CUST000015,DRV00072,ROUTE00070,VEH00070,SO0018,,75.61,75.61,0.0,1790.06,1,1,8.0,False,False,True,True,True,True,False,Completed
DEL000000340,ORD000000340,SHP000000340,2024-12-15,2024-12-16 13:00:18,2024-12-16 12:45:18,CUST001361,DRV00082,ROUTE00082,VEH00081,SO0021,,75.15,75.15,0.0,1947.06,1,1,-15.0,False,False,True,True,True,True,False,Completed
DEL000000341,ORD000000341,SHP000000341,2025-10-07,2025-10-08 00:18:23,2025-10-08 00:05:23,CUST000125,DRV00105,ROUTE00108,VEH00105,SO0027,,48.66,48.66,0.0,948.51,1,1,-13.0,False,False,True,True,True,True,False,Completed
DEL000000342,ORD000000342,SHP000000342,2024-09-04,2024-09-05 17:06:37,2024-09-05 17:16:37,CUST002060,DRV00112,ROUTE00112,VEH00109,SO0028,,98.9,98.9,0.0,1831.08,1,1,10.0,False,False,True,True,True,True,False,Completed
DEL000000343,ORD000000343,SHP000000343,2025-09-17,2025-09-18 02:29:03,,CUST001299,DRV00114,ROUTE00113,VEH00113,SO0029,CUSTOMER_REFUSED,36.17,0.0,36.17,0.0,1,0,,False,False,False,False,False,False,True,Missed
DEL000000344,ORD000000344,SHP000000344,2025-03-20,2025-03-21 11:15:10,2025-03-21 11:18:10,CUST000269,DRV00055,ROUTE00055,VEH00054,SO0014,,57.86,57.86,0.0,1397.5,1,1,3.0,False,False,True,True,True,True,False,Completed
DEL000000345,ORD000000345,SHP000000345,2025-01-17,2025-01-18 08:16:32,2025-01-18 07:28:32,CUST000388,DRV00165,ROUTE00168,VEH00167,SO0042,,54.7,54.7,0.0,994.33,1,1,-48.0,False,False,True,True,True,True,False,Completed
DEL000000346,ORD000000346,SHP000000346,2025-02-10,2025-02-11 17:26:44,2025-02-11 17:14:44,CUST002158,DRV00044,ROUTE00041,VEH00044,SO0011,,26.22,26.22,0.0,718.31,1,1,-12.0,False,False,True,True,True,True,False,Completed
DEL000000347,ORD000000347,SHP000000347,2024-06-09,2024-06-10 06:11:12,2024-06-10 05:58:12,CUST002121,DRV00118,ROUTE00120,VEH00118,SO0030,,67.3,67.3,0.0,1594.17,1,1,-13.0,False,False,True,True,True,True,False,Completed
DEL000000348,ORD000000348,SHP000000348,2025-10-05,2025-10-06 04:18:36,2025-10-06 06:18:36,CUST001597,DRV00096,ROUTE00093,VEH00093,SO0024,,62.99,62.99,0.0,1166.66,1,1,120.0,False,False,False,True,False,False,False,Completed
DEL000000349,ORD000000349,SHP000000349,2025-06-25,2025-06-26 07:23:09,2025-06-26 06:37:09,CUST002180,DRV00099,ROUTE00097,VEH00099,SO0025,,95.3,95.3,0.0,1636.66,1,1,-46.0,False,False,True,True,True,True,False,Completed
DEL000000350,ORD000000350,SHP000000350,2024-09-11,2024-09-12 14:59:04,2024-09-12 14:06:04,CUST000823,DRV00110,ROUTE00109,VEH00111,SO0028,,85.4,85.4,0.0,2193.01,1,1,-53.0,False,False,True,True,True,True,False,Completed
DEL000000351,ORD000000351,SHP000000351,2026-01-14,2026-01-15 02:49:11,2026-01-15 05:15:11,CUST000192,DRV00191,ROUTE00189,VEH00189,SO0048,,131.27,131.27,0.0,2008.99,1,1,146.0,False,True,False,True,False,False,False,Completed
DEL000000352,ORD000000352,SHP000000352,2025-02-10,2025-02-11 16:36:28,2025-02-11 15:37:28,CUST001217,DRV00100,ROUTE00097,VEH00099,SO0025,,49.87,49.87,0.0,1326.19,1,1,-59.0,False,True,True,True,True,True,False,Completed
DEL000000353,ORD000000353,SHP000000353,2025-02-17,2025-02-18 17:46:47,2025-02-18 16:57:47,CUST000738,DRV00093,ROUTE00094,VEH00094,SO0024,,68.43,68.43,0.0,1641.25,1,1,-49.0,False,False,True,True,True,True,False,Completed
DEL000000354,ORD000000354,SHP000000354,2024-07-22,2024-07-23 08:16:33,2024-07-23 07:26:33,CUST000865,DRV00085,ROUTE00088,VEH00086,SO0022,,84.67,84.67,0.0,1469.57,1,1,-50.0,False,False,True,True,True,True,False,Completed
DEL000000355,ORD000000355,SHP000000355,2024-12-15,2024-12-16 06:11:48,2024-12-16 06:00:48,CUST000641,DRV00191,ROUTE00191,VEH00191,SO0048,,133.1,133.1,0.0,3437.72,1,1,-11.0,False,False,True,True,True,True,False,Completed
DEL000000356,ORD000000356,SHP000000356,2025-03-14,2025-03-15 21:10:08,2025-03-15 20:33:08,CUST002399,DRV00132,ROUTE00131,VEH00129,SO0033,,46.63,46.63,0.0,1293.14,1,1,-37.0,False,False,True,True,True,True,False,Completed
DEL000000357,ORD000000357,SHP000000357,2024-08-31,2024-09-01 12:25:15,2024-09-01 11:35:15,CUST000809,DRV00019,ROUTE00020,VEH00020,SO0005,,92.97,92.97,0.0,2081.52,1,1,-50.0,False,False,True,True,True,True,False,Completed
DEL000000358,ORD000000358,SHP000000358,2024-07-04,2024-07-05 22:39:55,2024-07-05 22:49:55,CUST001846,DRV00129,ROUTE00132,VEH00131,SO0033,,83.7,83.7,0.0,1582.49,1,1,10.0,False,True,True,True,True,True,False,Completed
DEL000000359,ORD000000359,SHP000000359,2025-08-19,2025-08-20 09:06:30,2025-08-20 08:32:30,CUST001577,DRV00115,ROUTE00113,VEH00114,SO0029,,85.45,85.45,0.0,1979.26,1,1,-34.0,False,False,True,True,True,True,False,Completed
DEL000000360,ORD000000360,SHP000000360,2026-03-25,2026-03-26 21:50:43,2026-03-26 21:29:43,CUST000272,DRV00117,ROUTE00120,VEH00118,SO0030,,33.76,33.76,0.0,709.41,1,1,-21.0,False,False,True,True,True,True,False,Completed
DEL000000361,ORD000000361,SHP000000361,2025-08-23,2025-08-24 04:45:07,2025-08-24 04:01:07,CUST000194,DRV00073,ROUTE00074,VEH00075,SO0019,,101.88,101.88,0.0,1911.11,1,1,-44.0,False,False,True,True,True,True,False,Completed
DEL000000362,ORD000000362,SHP000000362,2025-02-11,2025-02-12 12:58:59,2025-02-12 13:04:59,CUST002325,DRV00030,ROUTE00032,VEH00030,SO0008,,85.14,85.14,0.0,2260.32,1,1,6.0,False,False,True,True,True,True,False,Completed
DEL000000363,ORD000000363,SHP000000363,2024-12-03,2024-12-04 19:54:42,2024-12-04 20:01:42,CUST002064,DRV00053,ROUTE00055,VEH00056,SO0014,,87.01,87.01,0.0,2514.78,1,1,7.0,False,False,True,True,True,True,False,Completed
DEL000000364,ORD000000364,SHP000000364,2026-07-29,2026-07-30 11:56:14,2026-07-30 11:21:14,CUST001504,DRV00174,ROUTE00176,VEH00175,SO0044,,151.88,151.88,0.0,3225.98,1,1,-35.0,False,True,True,True,True,True,False,Completed
DEL000000365,ORD000000365,SHP000000365,2024-08-31,2024-09-01 17:45:03,2024-09-01 16:49:03,CUST001233,DRV00105,ROUTE00107,VEH00106,SO0027,,135.3,135.3,0.0,3827.34,1,1,-56.0,False,False,True,True,True,True,False,Completed
DEL000000366,ORD000000366,SHP000000366,2024-10-18,2024-10-19 14:44:34,2024-10-19 13:50:34,CUST000093,DRV00018,ROUTE00019,VEH00020,SO0005,,51.73,51.73,0.0,1283.36,1,1,-54.0,False,False,True,True,True,True,False,Completed
DEL000000367,ORD000000367,SHP000000367,2025-04-12,2025-04-13 23:31:17,2025-04-13 23:00:17,CUST001368,DRV00151,ROUTE00152,VEH00152,SO0038,,99.55,99.55,0.0,2477.89,1,1,-31.0,False,False,True,True,True,True,False,Completed
DEL000000368,ORD000000368,SHP000000368,2024-10-11,2024-10-12 05:07:57,2024-10-12 04:22:57,CUST000649,DRV00118,ROUTE00119,VEH00118,SO0030,,69.97,69.97,0.0,1668.74,1,1,-45.0,False,False,True,True,True,True,False,Completed
DEL000000369,ORD000000369,SHP000000369,2025-04-27,2025-04-28 02:46:02,,CUST000702,DRV00068,ROUTE00067,VEH00067,SO0017,CUSTOMER_CLOSED,72.24,0.0,72.24,0.0,1,0,,False,False,False,False,False,False,True,Missed
DEL000000370,ORD000000370,SHP000000370,2025-07-07,2025-07-08 23:17:54,2025-07-08 23:30:54,CUST000905,DRV00039,ROUTE00040,VEH00038,SO0010,,186.99,158.7,28.29,4311.78,1,1,13.0,False,False,True,False,False,True,False,Completed
DEL000000371,ORD000000371,SHP000000371,2025-11-29,2025-11-30 03:37:05,2025-11-30 03:45:05,CUST000576,DRV00159,ROUTE00158,VEH00158,SO0040,,41.42,41.42,0.0,885.54,1,1,8.0,False,False,True,True,True,True,False,Completed
DEL000000372,ORD000000372,SHP000000372,2025-05-15,2025-05-16 17:40:19,2025-05-16 17:00:19,CUST001988,DRV00182,ROUTE00182,VEH00182,SO0046,,220.75,220.75,0.0,4244.79,1,1,-40.0,False,False,True,True,True,True,False,Completed
DEL000000373,ORD000000373,SHP000000373,2024-09-14,2024-09-15 14:18:57,2024-09-15 14:05:57,CUST000088,DRV00031,ROUTE00030,VEH00032,SO0008,,48.09,48.09,0.0,1008.63,1,1,-13.0,False,False,True,True,True,True,False,Completed
DEL000000374,ORD000000374,SHP000000374,2026-06-02,2026-06-03 19:38:56,2026-06-03 19:27:56,CUST001386,DRV00066,ROUTE00066,VEH00065,SO0017,,45.83,45.83,0.0,831.16,1,1,-11.0,False,False,True,True,True,True,False,Completed
DEL000000375,ORD000000375,SHP000000375,2026-04-08,2026-04-09 12:11:07,2026-04-09 11:21:07,CUST000552,DRV00171,ROUTE00170,VEH00171,SO0043,,69.62,69.62,0.0,1813.84,1,1,-50.0,False,False,True,True,True,True,False,Completed
DEL000000376,ORD000000376,SHP000000376,2025-06-11,2025-06-12 15:41:22,2025-06-12 15:15:22,CUST001388,DRV00114,ROUTE00115,VEH00113,SO0029,,79.92,79.92,0.0,1221.73,1,1,-26.0,False,False,True,True,True,True,False,Completed
DEL000000377,ORD000000377,SHP000000377,2025-03-05,2025-03-06 01:11:10,2025-03-06 03:46:10,CUST001174,DRV00008,ROUTE00006,VEH00008,SO0002,,81.87,81.87,0.0,1283.92,1,1,155.0,False,False,False,True,False,False,False,Completed
DEL000000378,ORD000000378,SHP000000378,2025-08-08,2025-08-09 17:38:02,2025-08-09 16:41:02,CUST000634,DRV00081,ROUTE00083,VEH00083,SO0021,,86.14,86.14,0.0,2296.31,1,1,-57.0,False,False,True,True,True,True,False,Completed
DEL000000379,ORD000000379,SHP000000379,2025-12-20,2025-12-21 05:36:32,2025-12-21 05:51:32,CUST001102,DRV00122,ROUTE00124,VEH00123,SO0031,,78.96,78.96,0.0,1440.74,1,1,15.0,False,False,True,True,True,True,False,Completed
DEL000000380,ORD000000380,SHP000000380,2025-07-20,2025-07-21 09:53:28,2025-07-21 09:19:28,CUST000324,DRV00180,ROUTE00177,VEH00178,SO0045,,48.39,41.69,6.7,1128.34,1,1,-34.0,False,False,True,False,False,True,False,Completed
DEL000000381,ORD000000381,SHP000000381,2024-01-06,2024-01-07 11:29:50,2024-01-07 10:49:50,CUST001533,DRV00173,ROUTE00175,VEH00173,SO0044,,71.54,71.54,0.0,1627.94,1,1,-40.0,False,True,True,True,True,True,False,Completed
DEL000000382,ORD000000382,SHP000000382,2025-05-05,2025-05-06 09:09:53,2025-05-06 08:15:53,CUST001869,DRV00102,ROUTE00104,VEH00103,SO0026,,76.71,76.71,0.0,1562.34,1,1,-54.0,False,False,True,True,True,True,False,Completed
DEL000000383,ORD000000383,SHP000000383,2024-04-01,2024-04-02 21:02:22,2024-04-02 20:04:22,CUST000882,DRV00021,ROUTE00022,VEH00022,SO0006,,129.28,129.28,0.0,1905.5,1,1,-58.0,False,False,True,True,True,True,False,Completed
DEL000000384,ORD000000384,SHP000000384,2025-07-12,2025-07-13 04:24:50,2025-07-13 04:23:50,CUST000423,DRV00069,ROUTE00069,VEH00072,SO0018,,46.44,34.69,11.75,557.29,1,1,-1.0,False,False,True,False,False,True,False,Completed
DEL000000385,ORD000000385,SHP000000385,2024-07-15,2024-07-16 18:58:07,2024-07-16 18:44:07,CUST002100,DRV00173,ROUTE00176,VEH00174,SO0044,,21.7,21.7,0.0,382.64,1,1,-14.0,False,False,True,True,True,True,False,Completed
DEL000000386,ORD000000386,SHP000000386,2025-07-29,2025-07-30 21:25:04,2025-07-30 21:08:04,CUST001411,DRV00125,ROUTE00127,VEH00128,SO0032,,85.28,85.28,0.0,1197.81,1,1,-17.0,False,False,True,True,True,True,False,Completed
DEL000000387,ORD000000387,SHP000000387,2024-05-22,2024-05-23 03:30:19,2024-05-23 03:44:19,CUST001291,DRV00039,ROUTE00040,VEH00039,SO0010,,50.35,50.35,0.0,1402.1,1,1,14.0,False,False,True,True,True,True,False,Completed
DEL000000388,ORD000000388,SHP000000388,2025-06-26,2025-06-27 12:50:35,2025-06-27 14:41:35,CUST001139,DRV00003,ROUTE00003,VEH00003,SO0001,,185.33,185.33,0.0,4511.46,1,1,111.0,False,False,False,True,False,False,False,Completed
DEL000000389,ORD000000389,SHP000000389,2024-03-20,2024-03-21 06:48:48,2024-03-21 06:22:48,CUST002388,DRV00113,ROUTE00114,VEH00116,SO0029,,98.81,98.81,0.0,1999.28,1,1,-26.0,False,False,True,True,True,True,False,Completed
DEL000000390,ORD000000390,SHP000000390,2024-12-02,2024-12-03 06:27:29,2024-12-03 06:41:29,CUST001244,DRV00192,ROUTE00191,VEH00190,SO0048,,169.99,169.99,0.0,3267.33,1,1,14.0,False,False,True,True,True,True,False,Completed
DEL000000391,ORD000000391,SHP000000391,2025-01-13,2025-01-14 18:11:13,2025-01-14 18:02:13,CUST002367,DRV00188,ROUTE00188,VEH00186,SO0047,,82.83,82.83,0.0,1660.17,1,1,-9.0,False,False,True,True,True,True,False,Completed
DEL000000392,ORD000000392,SHP000000392,2024-08-31,2024-09-01 05:26:26,2024-09-01 05:14:26,CUST002221,DRV00149,ROUTE00150,VEH00150,SO0038,,56.03,56.03,0.0,1106.56,1,1,-12.0,False,False,True,True,True,True,False,Completed
DEL000000393,ORD000000393,SHP000000393,2025-03-15,2025-03-16 07:27:18,2025-03-16 07:07:18,CUST001463,DRV00079,ROUTE00077,VEH00080,SO0020,,127.27,127.27,0.0,2162.5,1,1,-20.0,False,False,True,True,True,True,False,Completed
DEL000000394,ORD000000394,SHP000000394,2025-03-06,2025-03-07 14:36:07,2025-03-07 17:14:07,CUST000006,DRV00024,ROUTE00023,VEH00024,SO0006,,120.8,120.8,0.0,2716.65,1,1,158.0,False,False,False,True,False,False,False,Completed
DEL000000395,ORD000000395,SHP000000395,2024-02-24,2024-02-25 05:23:31,2024-02-25 04:42:31,CUST001993,DRV00048,ROUTE00046,VEH00046,SO0012,,118.26,118.26,0.0,2418.34,1,1,-41.0,False,False,True,True,True,True,False,Completed
DEL000000396,ORD000000396,SHP000000396,2024-01-12,2024-01-13 16:03:28,2024-01-13 15:08:28,CUST001453,DRV00047,ROUTE00048,VEH00045,SO0012,,79.45,79.45,0.0,2157.27,1,1,-55.0,False,False,True,True,True,True,False,Completed
DEL000000397,ORD000000397,SHP000000397,2024-12-12,2024-12-13 22:56:04,2024-12-14 00:07:04,CUST001876,DRV00079,ROUTE00080,VEH00080,SO0020,,102.23,102.23,0.0,1971.48,1,1,71.0,False,False,False,True,False,False,False,Completed
DEL000000398,ORD000000398,SHP000000398,2025-05-20,2025-05-21 03:53:31,2025-05-21 03:54:31,CUST000045,DRV00057,ROUTE00058,VEH00059,SO0015,,65.21,65.21,0.0,1267.02,1,1,1.0,False,False,True,True,True,True,False,Completed
DEL000000399,ORD000000399,SHP000000399,2026-03-03,2026-03-04 04:39:41,2026-03-04 05:48:41,CUST002145,DRV00080,ROUTE00077,VEH00079,SO0020,,41.42,41.42,0.0,1092.64,1,1,69.0,False,False,False,True,False,False,False,Completed
DEL000000400,ORD000000400,SHP000000400,2026-05-24,2026-05-25 20:32:04,2026-05-25 19:33:04,CUST000534,DRV00108,ROUTE00106,VEH00105,SO0027,,183.84,183.84,0.0,4697.93,1,1,-59.0,False,False,True,True,True,True,False,Completed
DEL000000401,ORD000000401,SHP000000401,2024-05-17,2024-05-18 15:33:17,2024-05-18 14:41:17,CUST002425,DRV00031,ROUTE00032,VEH00029,SO0008,,44.81,44.81,0.0,742.66,1,1,-52.0,False,False,True,True,True,True,False,Completed
DEL000000402,ORD000000402,SHP000000402,2024-10-10,2024-10-11 22:47:19,2024-10-11 22:00:19,CUST002204,DRV00155,ROUTE00156,VEH00156,SO0039,,88.12,88.12,0.0,1809.32,1,1,-47.0,False,False,True,True,True,True,False,Completed
DEL000000403,ORD000000403,SHP000000403,2024-10-13,2024-10-14 07:01:06,2024-10-14 09:51:06,CUST002330,DRV00068,ROUTE00065,VEH00067,SO0017,,67.92,67.92,0.0,1633.34,1,1,170.0,False,False,False,True,False,False,False,Completed
DEL000000404,ORD000000404,SHP000000404,2026-03-16,2026-03-17 03:38:57,2026-03-17 03:02:57,CUST002438,DRV00129,ROUTE00131,VEH00130,SO0033,,45.31,45.31,0.0,755.31,1,1,-36.0,False,False,True,True,True,True,False,Completed
DEL000000405,ORD000000405,SHP000000405,2025-07-07,2025-07-08 06:05:54,,CUST000270,DRV00150,ROUTE00151,VEH00152,SO0038,SCHOOL_ZONE,46.09,0.0,46.09,0.0,1,0,,False,False,False,False,False,False,True,Missed
DEL000000406,ORD000000406,SHP000000406,2024-10-29,2024-10-30 18:41:40,2024-10-30 18:43:40,CUST000555,DRV00089,ROUTE00091,VEH00091,SO0023,,122.43,122.43,0.0,3513.61,1,1,2.0,False,False,True,True,True,True,False,Completed
DEL000000407,ORD000000407,SHP000000407,2025-02-13,2025-02-14 17:07:00,2025-02-14 17:11:00,CUST001670,DRV00107,ROUTE00105,VEH00107,SO0027,,38.46,38.46,0.0,1045.9,1,1,4.0,False,False,True,True,True,True,False,Completed
DEL000000408,ORD000000408,SHP000000408,2026-05-12,2026-05-13 04:03:34,2026-05-13 03:11:34,CUST001263,DRV00073,ROUTE00074,VEH00074,SO0019,,107.85,107.85,0.0,2823.8,1,1,-52.0,False,False,True,True,True,True,False,Completed
DEL000000409,ORD000000409,SHP000000409,2025-03-17,2025-03-18 05:14:14,2025-03-18 04:17:14,CUST002077,DRV00026,ROUTE00027,VEH00027,SO0007,,45.96,45.96,0.0,1031.86,1,1,-57.0,False,False,True,True,True,True,False,Completed
DEL000000410,ORD000000410,SHP000000410,2025-09-29,2025-09-30 18:29:15,2025-09-30 18:23:15,CUST002283,DRV00175,ROUTE00175,VEH00175,SO0044,,75.59,75.59,0.0,1997.86,1,1,-6.0,False,False,True,True,True,True,False,Completed
DEL000000411,ORD000000411,SHP000000411,2026-02-26,2026-02-27 01:11:30,2026-02-27 00:22:30,CUST002039,DRV00027,ROUTE00026,VEH00025,SO0007,,66.04,66.04,0.0,1492.75,1,1,-49.0,False,False,True,True,True,True,False,Completed
DEL000000412,ORD000000412,SHP000000412,2024-06-05,2024-06-06 11:07:13,2024-06-06 11:19:13,CUST001358,DRV00035,ROUTE00035,VEH00036,SO0009,,153.59,153.59,0.0,2206.63,1,1,12.0,False,False,True,True,True,True,False,Completed
DEL000000413,ORD000000413,SHP000000413,2025-10-08,2025-10-09 10:57:54,2025-10-09 10:29:54,CUST000932,DRV00106,ROUTE00105,VEH00106,SO0027,,91.02,91.02,0.0,2626.39,1,1,-28.0,False,False,True,True,True,True,False,Completed
DEL000000414,ORD000000414,SHP000000414,2025-07-29,2025-07-30 20:39:23,2025-07-30 20:48:23,CUST001600,DRV00038,ROUTE00038,VEH00037,SO0010,,54.1,54.1,0.0,1219.0,1,1,9.0,False,False,True,True,True,True,False,Completed
DEL000000415,ORD000000415,SHP000000415,2024-07-24,2024-07-25 01:52:57,2024-07-25 01:03:57,CUST001314,DRV00105,ROUTE00105,VEH00106,SO0027,,126.54,126.54,0.0,3263.71,1,1,-49.0,False,False,True,True,True,True,False,Completed
DEL000000416,ORD000000416,SHP000000416,2025-10-16,2025-10-17 12:27:10,2025-10-17 11:31:10,CUST001482,DRV00007,ROUTE00007,VEH00007,SO0002,,94.35,72.64,21.71,1627.7,1,1,-56.0,False,False,True,False,False,True,False,Completed
DEL000000417,ORD000000417,SHP000000417,2025-08-07,2025-08-08 04:05:06,2025-08-08 06:56:06,CUST002444,DRV00036,ROUTE00035,VEH00034,SO0009,,116.02,116.02,0.0,3271.85,1,1,171.0,False,False,False,True,False,False,False,Completed
DEL000000418,ORD000000418,SHP000000418,2025-06-14,2025-06-15 00:57:35,2025-06-14 23:59:35,CUST001210,DRV00181,ROUTE00181,VEH00182,SO0046,,189.16,189.16,0.0,4432.89,1,1,-58.0,False,False,True,True,True,True,False,Completed
DEL000000419,ORD000000419,SHP000000419,2024-07-02,2024-07-03 07:06:16,2024-07-03 06:17:16,CUST001769,DRV00034,ROUTE00034,VEH00035,SO0009,,54.23,54.23,0.0,1302.48,1,1,-49.0,False,False,True,True,True,True,False,Completed
DEL000000420,ORD000000420,SHP000000420,2024-09-25,2024-09-26 00:36:56,2024-09-26 01:58:56,CUST000636,DRV00034,ROUTE00033,VEH00036,SO0009,,61.24,61.24,0.0,1373.98,1,1,82.0,False,True,False,True,False,False,False,Completed
DEL000000421,ORD000000421,SHP000000421,2024-07-12,2024-07-13 11:03:03,2024-07-13 10:20:03,CUST002015,DRV00177,ROUTE00177,VEH00177,SO0045,,115.96,115.96,0.0,3048.75,1,1,-43.0,False,True,True,True,True,True,False,Completed
DEL000000422,ORD000000422,SHP000000422,2025-10-20,2025-10-21 12:29:02,2025-10-21 11:45:02,CUST002458,DRV00124,ROUTE00121,VEH00122,SO0031,,64.12,64.12,0.0,1799.62,1,1,-44.0,False,False,True,True,True,True,False,Completed
DEL000000423,ORD000000423,SHP000000423,2024-04-19,2024-04-20 22:57:53,2024-04-20 22:04:53,CUST000130,DRV00025,ROUTE00028,VEH00025,SO0007,,69.8,69.8,0.0,1676.58,1,1,-53.0,False,False,True,True,True,True,False,Completed
DEL000000424,ORD000000424,SHP000000424,2024-10-01,2024-10-02 16:13:54,2024-10-02 16:02:54,CUST000146,DRV00065,ROUTE00067,VEH00065,SO0017,,45.99,45.99,0.0,833.17,1,1,-11.0,False,False,True,True,True,True,False,Completed
DEL000000425,ORD000000425,SHP000000425,2025-02-02,2025-02-03 22:37:56,,CUST000443,DRV00026,ROUTE00026,VEH00026,SO0007,VEHICLE_BREAKDOWN,65.61,0.0,65.61,0.0,1,0,,False,False,False,False,False,False,True,Missed
DEL000000426,ORD000000426,SHP000000426,2025-03-01,2025-03-02 01:42:57,2025-03-02 01:09:57,CUST000232,DRV00006,ROUTE00007,VEH00007,SO0002,,83.82,83.82,0.0,1500.56,1,1,-33.0,False,False,True,True,True,True,False,Completed
DEL000000427,ORD000000427,SHP000000427,2025-12-27,2025-12-28 09:24:18,2025-12-28 08:52:18,CUST000555,DRV00090,ROUTE00089,VEH00089,SO0023,,72.95,72.95,0.0,1897.71,1,1,-32.0,False,False,True,True,True,True,False,Completed
DEL000000428,ORD000000428,SHP000000428,2025-11-20,2025-11-21 19:25:47,2025-11-21 19:31:47,CUST000109,DRV00150,ROUTE00150,VEH00151,SO0038,,33.2,33.2,0.0,840.38,1,1,6.0,False,False,True,True,True,True,False,Completed
DEL000000429,ORD000000429,SHP000000429,2024-10-03,2024-10-04 15:19:01,2024-10-04 14:56:01,CUST002259,DRV00041,ROUTE00041,VEH00042,SO0011,,61.93,61.93,0.0,1024.66,1,1,-23.0,False,False,True,True,True,True,False,Completed
DEL000000430,ORD000000430,SHP000000430,2025-10-31,2025-11-01 17:04:45,2025-11-01 16:40:45,CUST002432,DRV00132,ROUTE00131,VEH00130,SO0033,,45.52,45.52,0.0,655.72,1,1,-24.0,False,False,True,True,True,True,False,Completed
DEL000000431,ORD000000431,SHP000000431,2024-01-18,2024-01-19 01:33:00,2024-01-19 04:30:00,CUST001773,DRV00113,ROUTE00114,VEH00115,SO0029,,42.69,42.69,0.0,1106.27,1,1,177.0,False,False,False,True,False,False,False,Completed
DEL000000432,ORD000000432,SHP000000432,2025-08-07,2025-08-08 02:40:19,2025-08-08 02:02:19,CUST001392,DRV00098,ROUTE00098,VEH00100,SO0025,,159.34,159.34,0.0,4468.88,1,1,-38.0,False,False,True,True,True,True,False,Completed
DEL000000433,ORD000000433,SHP000000433,2026-02-06,2026-02-07 09:07:13,2026-02-07 08:47:13,CUST002425,DRV00031,ROUTE00029,VEH00032,SO0008,,54.67,54.67,0.0,919.88,1,1,-20.0,False,False,True,True,True,True,False,Completed
DEL000000434,ORD000000434,SHP000000434,2025-11-13,2025-11-14 14:49:07,2025-11-14 14:42:07,CUST001780,DRV00030,ROUTE00032,VEH00031,SO0008,,172.24,172.24,0.0,2985.68,1,1,-7.0,False,False,True,True,True,True,False,Completed
DEL000000435,ORD000000435,SHP000000435,2024-07-07,2024-07-08 13:14:54,2024-07-08 12:37:54,CUST001196,DRV00181,ROUTE00181,VEH00183,SO0046,,48.84,48.84,0.0,1223.3,1,1,-37.0,False,False,True,True,True,True,False,Completed
DEL000000436,ORD000000436,SHP000000436,2025-07-16,2025-07-17 19:01:28,2025-07-17 20:10:28,CUST000538,DRV00128,ROUTE00127,VEH00128,SO0032,,43.21,43.21,0.0,816.84,1,1,69.0,False,False,False,True,False,False,False,Completed
DEL000000437,ORD000000437,SHP000000437,2024-03-29,2024-03-30 23:43:47,2024-03-30 23:06:47,CUST002204,DRV00155,ROUTE00156,VEH00154,SO0039,,55.13,55.13,0.0,1336.43,1,1,-37.0,False,False,True,True,True,True,False,Completed
DEL000000438,ORD000000438,SHP000000438,2025-06-27,2025-06-28 09:43:47,2025-06-28 11:31:47,CUST001061,DRV00143,ROUTE00144,VEH00142,SO0036,,73.2,73.2,0.0,1254.49,1,1,108.0,False,False,False,True,False,False,False,Completed
DEL000000439,ORD000000439,SHP000000439,2024-07-11,2024-07-12 09:09:46,2024-07-12 08:16:46,CUST002363,DRV00020,ROUTE00019,VEH00018,SO0005,,49.63,49.63,0.0,903.34,1,1,-53.0,False,False,True,True,True,True,False,Completed
DEL000000440,ORD000000440,SHP000000440,2025-02-03,2025-02-04 01:38:07,2025-02-04 01:38:07,CUST002396,DRV00004,ROUTE00001,VEH00004,SO0001,,86.28,86.28,0.0,2074.23,1,1,0.0,True,False,True,True,True,True,False,Completed
DEL000000441,ORD000000441,SHP000000441,2025-01-12,2025-01-13 01:12:14,2025-01-13 00:13:14,CUST001352,DRV00113,ROUTE00113,VEH00114,SO0029,,54.51,54.51,0.0,1226.8,1,1,-59.0,False,False,True,True,True,True,False,Completed
DEL000000442,ORD000000442,SHP000000442,2025-10-04,2025-10-05 19:10:09,2025-10-05 21:15:09,CUST001158,DRV00101,ROUTE00102,VEH00101,SO0026,,56.18,56.18,0.0,1589.87,1,1,125.0,False,False,False,True,False,False,False,Completed
DEL000000443,ORD000000443,SHP000000443,2024-11-03,2024-11-04 12:05:33,2024-11-04 11:22:33,CUST000758,DRV00095,ROUTE00094,VEH00096,SO0024,,92.36,92.36,0.0,2096.82,1,1,-43.0,False,False,True,True,True,True,False,Completed
DEL000000444,ORD000000444,SHP000000444,2026-04-26,2026-04-27 07:45:58,2026-04-27 07:05:58,CUST000661,DRV00032,ROUTE00032,VEH00031,SO0008,,43.19,43.19,0.0,744.02,1,1,-40.0,False,False,True,True,True,True,False,Completed
DEL000000445,ORD000000445,SHP000000445,2024-08-28,2024-08-29 08:41:15,2024-08-29 08:25:15,CUST002193,DRV00183,ROUTE00184,VEH00183,SO0046,,82.97,82.97,0.0,2016.61,1,1,-16.0,False,False,True,True,True,True,False,Completed
DEL000000446,ORD000000446,SHP000000446,2024-10-02,2024-10-03 01:35:14,2024-10-03 00:59:14,CUST002241,DRV00124,ROUTE00124,VEH00123,SO0031,,61.51,61.51,0.0,1595.75,1,1,-36.0,False,False,True,True,True,True,False,Completed
DEL000000447,ORD000000447,SHP000000447,2024-05-16,2024-05-17 22:58:42,2024-05-17 22:10:42,CUST001455,DRV00037,ROUTE00037,VEH00039,SO0010,,235.92,235.92,0.0,4010.86,1,1,-48.0,True,False,True,True,True,True,False,Completed
DEL000000448,ORD000000448,SHP000000448,2024-11-06,2024-11-07 18:15:24,2024-11-07 17:46:24,CUST001958,DRV00126,ROUTE00126,VEH00125,SO0032,,55.98,55.98,0.0,1448.11,1,1,-29.0,False,False,True,True,True,True,False,Completed
DEL000000449,ORD000000449,SHP000000449,2025-11-10,2025-11-11 13:25:42,2025-11-11 13:01:42,CUST002435,DRV00025,ROUTE00025,VEH00028,SO0007,,102.22,102.22,0.0,2374.98,1,1,-24.0,False,False,True,True,True,True,False,Completed
DEL000000450,ORD000000450,SHP000000450,2024-11-25,2024-11-26 01:15:48,2024-11-26 01:25:48,CUST000065,DRV00174,ROUTE00176,VEH00175,SO0044,,107.62,107.62,0.0,2997.7,1,1,10.0,False,False,True,True,True,True,False,Completed
DEL000000451,ORD000000451,SHP000000451,2024-11-19,2024-11-20 16:05:45,2024-11-20 15:55:45,CUST000863,DRV00037,ROUTE00037,VEH00040,SO0010,,80.41,80.41,0.0,1543.15,1,1,-10.0,False,False,True,True,True,True,False,Completed
DEL000000452,ORD000000452,SHP000000452,2024-07-16,2024-07-17 01:33:54,2024-07-17 00:50:54,CUST000536,DRV00119,ROUTE00120,VEH00120,SO0030,,19.8,19.8,0.0,538.85,1,1,-43.0,False,False,True,True,True,True,False,Completed
DEL000000453,ORD000000453,SHP000000453,2024-02-20,2024-02-21 07:15:10,2024-02-21 07:04:10,CUST000807,DRV00131,ROUTE00129,VEH00129,SO0033,,114.1,114.1,0.0,2508.76,1,1,-11.0,False,False,True,True,True,True,False,Completed
DEL000000454,ORD000000454,SHP000000454,2025-09-09,2025-09-10 01:00:11,2025-09-10 00:21:11,CUST000383,DRV00112,ROUTE00112,VEH00111,SO0028,,86.32,86.32,0.0,1338.76,1,1,-39.0,False,False,True,True,True,True,False,Completed
DEL000000455,ORD000000455,SHP000000455,2024-07-20,2024-07-21 02:46:12,2024-07-21 02:14:12,CUST001466,DRV00100,ROUTE00097,VEH00097,SO0025,,103.82,103.82,0.0,2098.04,1,1,-32.0,False,False,True,True,True,True,False,Completed
DEL000000456,ORD000000456,SHP000000456,2025-10-28,2025-10-29 02:46:55,2025-10-29 02:39:55,CUST001993,DRV00047,ROUTE00046,VEH00048,SO0012,,118.02,118.02,0.0,2389.83,1,1,-7.0,False,False,True,True,True,True,False,Completed
DEL000000457,ORD000000457,SHP000000457,2024-05-26,2024-05-27 14:11:46,2024-05-27 13:24:46,CUST000386,DRV00111,ROUTE00112,VEH00112,SO0028,,47.03,47.03,0.0,1082.92,1,1,-47.0,False,False,True,True,True,True,False,Completed
DEL000000458,ORD000000458,SHP000000458,2024-04-12,2024-04-13 06:57:38,2024-04-13 06:06:38,CUST001865,DRV00032,ROUTE00032,VEH00032,SO0008,,142.79,142.79,0.0,2187.57,1,1,-51.0,False,False,True,True,True,True,False,Completed
DEL000000459,ORD000000459,SHP000000459,2025-06-19,2025-06-20 11:54:56,2025-06-20 11:17:56,CUST002203,DRV00142,ROUTE00141,VEH00144,SO0036,,133.98,133.98,0.0,2450.0,1,1,-37.0,False,False,True,True,True,True,False,Completed
DEL000000460,ORD000000460,SHP000000460,2025-02-17,2025-02-18 23:15:33,2025-02-18 22:52:33,CUST001928,DRV00068,ROUTE00067,VEH00067,SO0017,,99.96,99.96,0.0,2282.37,1,1,-23.0,False,True,True,True,True,True,False,Completed
DEL000000461,ORD000000461,SHP000000461,2024-04-09,2024-04-10 18:17:27,2024-04-10 18:21:27,CUST000346,DRV00081,ROUTE00081,VEH00082,SO0021,,42.75,42.75,0.0,825.92,1,1,4.0,False,False,True,True,True,True,False,Completed
DEL000000462,ORD000000462,SHP000000462,2026-01-25,2026-01-26 16:14:21,2026-01-26 16:18:21,CUST001002,DRV00093,ROUTE00095,VEH00096,SO0024,,29.88,29.88,0.0,806.82,1,1,4.0,False,False,True,True,True,True,False,Completed
DEL000000463,ORD000000463,SHP000000463,2025-09-04,2025-09-05 21:32:49,2025-09-05 21:56:49,CUST001602,DRV00027,ROUTE00027,VEH00028,SO0007,,40.34,40.34,0.0,1061.55,1,1,24.0,False,False,False,True,False,True,False,Completed
DEL000000464,ORD000000464,SHP000000464,2025-07-30,2025-07-31 07:53:07,2025-07-31 10:23:07,CUST000182,DRV00090,ROUTE00090,VEH00090,SO0023,,137.03,137.03,0.0,2963.61,1,1,150.0,False,False,False,True,False,False,False,Completed
DEL000000465,ORD000000465,SHP000000465,2026-06-15,2026-06-16 06:57:55,2026-06-16 07:09:55,CUST000993,DRV00165,ROUTE00165,VEH00167,SO0042,,90.67,90.67,0.0,1416.71,1,1,12.0,False,False,True,True,True,True,False,Completed
DEL000000466,ORD000000466,SHP000000466,2024-03-12,2024-03-13 09:01:38,2024-03-13 08:51:38,CUST000955,DRV00030,ROUTE00029,VEH00031,SO0008,,116.67,116.67,0.0,2583.49,1,1,-10.0,False,True,True,True,True,True,False,Completed
DEL000000467,ORD000000467,SHP000000467,2026-01-20,2026-01-21 23:44:29,,CUST001322,DRV00012,ROUTE00012,VEH00011,SO0003,CUSTOMER_CLOSED,204.72,0.0,204.72,0.0,1,0,,False,False,False,False,False,False,True,Missed
DEL000000468,ORD000000468,SHP000000468,2025-08-10,2025-08-11 23:49:31,2025-08-11 23:05:31,CUST001374,DRV00177,ROUTE00179,VEH00180,SO0045,,48.75,48.75,0.0,1095.16,1,1,-44.0,False,False,True,True,True,True,False,Completed
DEL000000469,ORD000000469,SHP000000469,2025-06-03,2025-06-04 07:50:03,,CUST001180,DRV00147,ROUTE00145,VEH00148,SO0037,TRAFFIC,62.79,0.0,62.79,0.0,1,0,,False,False,False,False,False,False,True,Missed
DEL000000470,ORD000000470,SHP000000470,2024-05-19,2024-05-20 15:47:17,2024-05-20 15:07:17,CUST001743,DRV00178,ROUTE00179,VEH00180,SO0045,,83.87,83.87,0.0,1960.28,1,1,-40.0,False,False,True,True,True,True,False,Completed
DEL000000471,ORD000000471,SHP000000471,2024-02-05,2024-02-06 01:20:16,2024-02-06 00:52:16,CUST002477,DRV00131,ROUTE00130,VEH00131,SO0033,,56.59,56.59,0.0,1403.78,1,1,-28.0,False,False,True,True,True,True,False,Completed
DEL000000472,ORD000000472,SHP000000472,2026-04-10,2026-04-11 06:38:49,2026-04-11 08:02:49,CUST001060,DRV00094,ROUTE00096,VEH00093,SO0024,,129.36,129.36,0.0,2090.21,1,1,84.0,True,False,False,True,False,False,False,Completed
DEL000000473,ORD000000473,SHP000000473,2024-11-20,2024-11-21 22:46:52,2024-11-21 22:01:52,CUST000581,DRV00139,ROUTE00139,VEH00137,SO0035,,74.67,74.67,0.0,1083.37,1,1,-45.0,False,False,True,True,True,True,False,Completed
DEL000000474,ORD000000474,SHP000000474,2025-12-14,2025-12-15 06:50:31,2025-12-15 06:08:31,CUST001871,DRV00080,ROUTE00078,VEH00077,SO0020,,126.1,126.1,0.0,2979.54,1,1,-42.0,False,False,True,True,True,True,False,Completed
DEL000000475,ORD000000475,SHP000000475,2026-06-30,2026-07-01 03:33:21,2026-07-01 03:41:21,CUST002422,DRV00181,ROUTE00183,VEH00183,SO0046,,58.37,58.37,0.0,1371.58,1,1,8.0,False,False,True,True,True,True,False,Completed
DEL000000476,ORD000000476,SHP000000476,2024-11-09,2024-11-10 05:17:57,2024-11-10 05:20:57,CUST001436,DRV00020,ROUTE00020,VEH00018,SO0005,,82.96,75.42,7.54,1087.92,1,1,3.0,False,False,True,False,False,True,False,Completed
DEL000000477,ORD000000477,SHP000000477,2025-11-20,2025-11-21 18:55:58,2025-11-21 19:01:58,CUST000214,DRV00091,ROUTE00091,VEH00092,SO0023,,97.07,97.07,0.0,1592.95,1,1,6.0,False,False,True,True,True,True,False,Completed
DEL000000478,ORD000000478,SHP000000478,2024-08-27,2024-08-28 17:14:51,2024-08-28 16:56:51,CUST001199,DRV00171,ROUTE00170,VEH00172,SO0043,,51.63,51.63,0.0,1427.85,1,1,-18.0,False,False,True,True,True,True,False,Completed
DEL000000479,ORD000000479,SHP000000479,2024-01-16,2024-01-17 03:03:35,2024-01-17 02:32:35,CUST000817,DRV00104,ROUTE00102,VEH00101,SO0026,,97.54,97.54,0.0,1367.23,1,1,-31.0,False,False,True,True,True,True,False,Completed
DEL000000480,ORD000000480,SHP000000480,2025-07-21,2025-07-22 08:36:57,2025-07-22 08:29:57,CUST002033,DRV00162,ROUTE00164,VEH00162,SO0041,,129.5,129.5,0.0,2751.96,1,1,-7.0,False,False,True,True,True,True,False,Completed
DEL000000481,ORD000000481,SHP000000481,2024-10-10,2024-10-11 20:56:14,,CUST002372,DRV00172,ROUTE00171,VEH00172,SO0043,CUSTOMER_CLOSED,41.78,0.0,41.78,0.0,1,0,,False,False,False,False,False,False,True,Missed
DEL000000482,ORD000000482,SHP000000482,2025-05-04,2025-05-05 07:48:04,2025-05-05 07:38:04,CUST000948,DRV00135,ROUTE00136,VEH00134,SO0034,,40.26,40.26,0.0,1045.94,1,1,-10.0,False,False,True,True,True,True,False,Completed
DEL000000483,ORD000000483,SHP000000483,2026-01-01,2026-01-02 03:04:12,2026-01-02 02:30:12,CUST000289,DRV00063,ROUTE00064,VEH00064,SO0016,,56.47,56.47,0.0,855.91,1,1,-34.0,False,False,True,True,True,True,False,Completed
DEL000000484,ORD000000484,SHP000000484,2025-08-27,2025-08-28 15:59:11,2025-08-28 15:12:11,CUST002391,DRV00081,ROUTE00082,VEH00084,SO0021,,53.04,48.8,4.24,1026.48,1,1,-47.0,False,False,True,False,False,True,False,Completed
DEL000000485,ORD000000485,SHP000000485,2025-12-27,2025-12-28 09:27:31,2025-12-28 08:47:31,CUST002185,DRV00071,ROUTE00070,VEH00071,SO0018,,58.97,58.97,0.0,1277.32,1,1,-40.0,False,False,True,True,True,True,False,Completed
DEL000000486,ORD000000486,SHP000000486,2025-06-04,2025-06-05 10:34:46,2025-06-05 10:03:46,CUST001758,DRV00174,ROUTE00176,VEH00174,SO0044,,88.11,88.11,0.0,2125.71,1,1,-31.0,False,True,True,True,True,True,False,Completed
DEL000000487,ORD000000487,SHP000000487,2026-01-23,2026-01-24 10:07:11,2026-01-24 09:16:11,CUST000449,DRV00030,ROUTE00029,VEH00030,SO0008,,119.02,119.02,0.0,2713.94,1,1,-51.0,False,True,True,True,True,True,False,Completed
DEL000000488,ORD000000488,SHP000000488,2024-01-13,2024-01-14 22:00:42,,CUST001409,DRV00080,ROUTE00080,VEH00080,SO0020,CUSTOMER_CLOSED,137.71,0.0,137.71,0.0,1,0,,False,False,False,False,False,False,True,Missed
DEL000000489,ORD000000489,SHP000000489,2025-04-10,2025-04-11 16:25:20,2025-04-11 16:02:20,CUST000544,DRV00051,ROUTE00050,VEH00049,SO0013,,82.37,82.37,0.0,2282.58,1,1,-23.0,False,True,True,True,True,True,False,Completed
DEL000000490,ORD000000490,SHP000000490,2024-02-11,2024-02-12 16:26:56,2024-02-12 16:27:56,CUST001041,DRV00066,ROUTE00065,VEH00068,SO0017,,142.61,142.61,0.0,2113.52,1,1,1.0,False,True,True,True,True,True,False,Completed
DEL000000491,ORD000000491,SHP000000491,2026-01-30,2026-01-31 02:58:00,2026-01-31 03:12:00,CUST000107,DRV00005,ROUTE00007,VEH00007,SO0002,,50.42,50.42,0.0,1022.64,1,1,14.0,False,False,True,True,True,True,False,Completed
DEL000000492,ORD000000492,SHP000000492,2024-03-28,2024-03-29 00:04:20,2024-03-28 23:20:20,CUST000966,DRV00019,ROUTE00017,VEH00020,SO0005,,64.59,64.59,0.0,1324.86,1,1,-44.0,False,False,True,True,True,True,False,Completed
DEL000000493,ORD000000493,SHP000000493,2025-07-24,2025-07-25 19:43:15,2025-07-25 19:43:15,CUST002223,DRV00186,ROUTE00186,VEH00185,SO0047,,72.95,72.95,0.0,1824.88,1,1,0.0,False,True,True,True,True,True,False,Completed
DEL000000494,ORD000000494,SHP000000494,2026-05-31,2026-06-01 00:33:28,2026-06-01 00:31:28,CUST002101,DRV00145,ROUTE00147,VEH00148,SO0037,,70.82,70.82,0.0,1978.19,1,1,-2.0,False,False,True,True,True,True,False,Completed
DEL000000495,ORD000000495,SHP000000495,2025-07-20,2025-07-21 16:39:55,2025-07-21 16:31:55,CUST000741,DRV00021,ROUTE00023,VEH00023,SO0006,,140.85,140.85,0.0,2864.77,1,1,-8.0,False,False,True,True,True,True,False,Completed
DEL000000496,ORD000000496,SHP000000496,2024-11-24,2024-11-25 14:09:37,2024-11-25 15:30:37,CUST001483,DRV00150,ROUTE00152,VEH00150,SO0038,,160.48,160.48,0.0,3229.2,1,1,81.0,False,False,False,True,False,False,False,Completed
DEL000000497,ORD000000497,SHP000000497,2026-07-18,2026-07-19 17:41:40,2026-07-19 16:49:40,CUST000453,DRV00038,ROUTE00038,VEH00039,SO0010,,44.83,36.34,8.49,563.23,1,1,-52.0,False,False,True,False,False,True,False,Completed
DEL000000498,ORD000000498,SHP000000498,2026-05-11,2026-05-12 23:55:23,2026-05-13 00:07:23,CUST001031,DRV00115,ROUTE00113,VEH00116,SO0029,,56.72,56.72,0.0,1157.64,1,1,12.0,False,True,True,True,True,True,False,Completed
DEL000000499,ORD000000499,SHP000000499,2025-08-27,2025-08-28 04:29:55,2025-08-28 04:06:55,CUST001324,DRV00137,ROUTE00139,VEH00140,SO0035,,63.72,63.72,0.0,1223.76,1,1,-23.0,False,False,True,True,True,True,False,Completed
DEL000000500,ORD000000500,SHP000000500,2024-03-24,2024-03-25 00:11:23,2024-03-24 23:20:23,CUST002265,DRV00122,ROUTE00123,VEH00122,SO0031,,71.79,71.79,0.0,1533.63,1,1,-51.0,False,False,True,True,True,True,False,Completed
